fold,model,enc,k,M,d,r2,mae,secs
2017Q1,DynET-mer (searched),FT-32x2,16,12,31,0.8601580175951045,0.04475448441500009,218.55136574903736
2017Q1,Dynamic ET,,0,9,0,0.8535501368296718,0.04777340238066676,3.253186416986864
2017Q1,ET,,0,9,0,0.8135561563162119,0.05776343318166671,2.7873938329867087
2017Q1,RF,,0,9,0,0.8358810819897372,0.0528465550556801,1.4219992920407094
2017Q1,FT-Transformer,,0,9,0,0.8581586756359386,0.03921950812431653,95.7360802500043
2017Q1,SVI,,0,9,0,0.7571550671932907,0.07292241447184204,3.3068942499812692
2017Q2,DynET-mer (searched),iT-32x3,16,12,31,0.912428291214018,0.02680671124799999,242.1245388330426
2017Q2,Dynamic ET,,0,9,0,0.9282416373638229,0.026063203067333323,3.6393319580238312
2017Q2,ET,,0,9,0,0.9249726341985838,0.026095398611999984,2.912788583955262
2017Q2,RF,,0,9,0,0.9278112240024499,0.027535509392042,1.3481036250013858
2017Q2,FT-Transformer,,0,9,0,0.8900571287885033,0.0333105520273234,95.38790216704365
2017Q2,SVI,,0,9,0,0.773415220776765,0.061180180131360375,3.270697375002783
2017Q3,DynET-mer (searched),FT-32x2,16,11,31,0.8819062264244779,0.03530806189333339,214.5231968750013
2017Q3,Dynamic ET,,0,9,0,0.9132317633888174,0.03409257215533335,3.377693582966458
2017Q3,ET,,0,9,0,0.9112620363122235,0.03455399218733337,2.926272417011205
2017Q3,RF,,0,9,0,0.9130946701644794,0.034346917799220965,1.3683872499968857
2017Q3,FT-Transformer,,0,9,0,0.8784687194728731,0.038920954092672974,96.79882195801474
2017Q3,SVI,,0,9,0,0.7465200040040956,0.060996532908973174,3.657120208023116
2017Q4,DynET-mer (searched),iT-64x2,16,11,31,0.9007406415562862,0.03173104645199994,217.0266789579764
2017Q4,Dynamic ET,,0,9,0,0.9155059924022452,0.030684937660666673,3.53907087497646
2017Q4,ET,,0,9,0,0.909002069677953,0.03147300558666668,2.7959853329812177
2017Q4,RF,,0,9,0,0.9088569055676692,0.03146195444411206,1.368583207949996
2017Q4,FT-Transformer,,0,9,0,0.9031822376265348,0.032385331225942615,95.71128400001908
2017Q4,SVI,,0,9,0,0.7769763842651296,0.0657649243604377,3.3828532499610446
2018Q1,DynET-mer (searched),iT-32x3,4,11,19,0.9137153468726482,0.033064781335999924,240.94609854201553
2018Q1,Dynamic ET,,0,8,0,0.9142692867951798,0.03311269587999994,3.192410874995403
2018Q1,ET,,0,8,0,0.9073611269652042,0.03411454261966662,2.8185539579717442
2018Q1,RF,,0,8,0,0.9066931555751747,0.035169577389593,1.3358158330083825
2018Q1,FT-Transformer,,0,8,0,0.9132829902018317,0.03420820319475969,96.0471575409756
2018Q1,SVI,,0,8,0,0.7362804653222887,0.06772748831514057,3.136340500030201
2018Q2,DynET-mer (searched),FT-32x2,4,9,19,0.9363508115980317,0.03010974451333331,213.8493791250512
2018Q2,Dynamic ET,,0,8,0,0.9303504821195498,0.03086629445066663,3.2562342500314116
2018Q2,ET,,0,8,0,0.92576516436988,0.031151831145333295,2.9086073330254294
2018Q2,RF,,0,8,0,0.9241283445016542,0.033248967967061636,1.3800930000143126
2018Q2,FT-Transformer,,0,8,0,0.935944485064145,0.030938522076773962,96.3005333339679
2018Q2,SVI,,0,8,0,0.7676994073171646,0.06790545580835587,3.838329041027464
2018Q3,DynET-mer (searched),iT-32x3,16,8,31,0.9216489717422736,0.03974312975866666,242.94532770797377
2018Q3,Dynamic ET,,0,7,0,0.9424390076795637,0.030957566840666677,3.059536417014897
2018Q3,ET,,0,7,0,0.9304922084423666,0.03459501797733335,2.8075327500118874
2018Q3,RF,,0,7,0,0.9409779119483619,0.03155380543192397,1.3563445000327192
2018Q3,FT-Transformer,,0,7,0,0.907047838937021,0.04486471356175518,95.91320674994495
2018Q3,SVI,,0,7,0,0.7813798555338773,0.06546157327682925,3.3092449579853565
2018Q4,DynET-mer (searched),FT-32x2,4,8,19,0.8453658914195767,0.061659364642333334,212.60527554200962
2018Q4,Dynamic ET,,0,7,0,0.8449364997475107,0.06217509524800002,3.0004532919847406
2018Q4,ET,,0,7,0,0.8331709204551327,0.06365912396333337,2.814805708010681
2018Q4,RF,,0,7,0,0.8261553871293075,0.06547246879871838,1.3436054170015268
2018Q4,FT-Transformer,,0,7,0,0.8291194351721578,0.067127110500192,96.22421879100148
2018Q4,SVI,,0,7,0,0.6634994413841004,0.08870934498106456,3.420020583027508
2019Q1,DynET-mer (searched),iT-64x2,4,7,19,0.9208833493384969,0.04003050394166662,214.77656891703373
2019Q1,Dynamic ET,,0,7,0,0.9289038702871145,0.03688421489366666,2.8986179170315154
2019Q1,ET,,0,7,0,0.9251276763007475,0.0397436294173333,2.8902752500143833
2019Q1,RF,,0,7,0,0.9195850362288802,0.04002717082264893,1.3971633330220357
2019Q1,FT-Transformer,,0,7,0,0.9180653827021414,0.038065216794313746,97.43755404197145
2019Q1,SVI,,0,7,0,0.7361973480131616,0.08009112026828565,3.210920790967066
2019Q2,DynET-mer (searched),FT-32x2,16,9,31,0.9294135896130572,0.035950003582333356,238.914475166006
2019Q2,Dynamic ET,,0,7,0,0.9267657197414717,0.0358039340703334,3.305150250031147
2019Q2,ET,,0,7,0,0.9289333105073122,0.0359736960430001,3.0467499580117874
2019Q2,RF,,0,7,0,0.9206011081697415,0.036727623059955083,1.5047914999886416
2019Q2,FT-Transformer,,0,7,0,0.9222346422716117,0.03836398851339691,105.64678650000133
2019Q2,SVI,,0,7,0,0.7453717286872007,0.07159964873322996,3.142619249993004
2019Q3,DynET-mer (searched),iT-64x2,16,11,31,0.9198813561295096,0.030489139796333286,237.6288583750138
2019Q3,Dynamic ET,,0,7,0,0.9270513159463905,0.029892577990666604,3.1718308749841526
2019Q3,ET,,0,7,0,0.9251111162203853,0.03085663650299993,3.074894041987136
2019Q3,RF,,0,7,0,0.9306424157653053,0.02965666990600447,1.4291927499580197
2019Q3,FT-Transformer,,0,7,0,0.9176345683401868,0.030245729336903573,105.91014245798578
2019Q3,SVI,,0,7,0,0.7274712720415265,0.061805637604244026,3.343588874966372
2019Q4,DynET-mer (searched),iT-32x3,4,8,19,0.9115631261242103,0.03593735476799993,264.8996798750013
2019Q4,Dynamic ET,,0,7,0,0.9196306625272056,0.032629098739333284,3.1424001670093276
2019Q4,ET,,0,7,0,0.9180173132451703,0.03202995341399993,3.074929374968633
2019Q4,RF,,0,7,0,0.9207857944366955,0.03370103139998131,1.4516823329613544
2019Q4,FT-Transformer,,0,7,0,0.9100960032432389,0.03671952143572553,104.20758720801678
2019Q4,SVI,,0,7,0,0.752643366466361,0.06371271067777867,3.549632291018497
2020Q1,DynET-mer (searched),FT-32x2,16,8,31,0.6133224932805428,0.10368709540266662,233.28970133303665
2020Q1,Dynamic ET,,0,7,0,0.6282163321332541,0.097947748438,3.3513350839493796
2020Q1,ET,,0,7,0,0.5998407743079772,0.1019394015233333,3.0328317080275156
2020Q1,RF,,0,7,0,0.6067501452504795,0.10194781613209637,1.4803056670352817
2020Q1,FT-Transformer,,0,7,0,0.5900353652052088,0.11048816397817421,104.89632291696034
2020Q1,SVI,,0,7,0,0.5365375477064155,0.11628374247763923,3.6026118750451133
2020Q2,DynET-mer (searched),iT-32x3,8,8,23,0.8843117562685245,0.061289938732000095,260.948491249932
2020Q2,Dynamic ET,,0,7,0,0.8765776211620874,0.06125752641900009,3.2534139580093324
2020Q2,ET,,0,7,0,0.8747925576589319,0.061456501310333395,3.1233472090098076
2020Q2,RF,,0,7,0,0.8759423943887853,0.06240529072254916,1.4409096669987775
2020Q2,FT-Transformer,,0,7,0,0.8771747102216725,0.06341320019843959,104.8259975410183
2020Q2,SVI,,0,7,0,0.7680507242536672,0.07839526383993134,3.241866750002373
2020Q3,DynET-mer (searched),FT-32x2,16,9,31,0.7157289762469482,0.09572766796866672,236.48652712500188
2020Q3,Dynamic ET,,0,7,0,0.7594092672382147,0.09145763003200003,3.191907499975059
2020Q3,ET,,0,7,0,0.7607991965405005,0.08892710335466669,3.033375166996848
2020Q3,RF,,0,7,0,0.7287512254528106,0.09561374213366317,1.466585166985169
2020Q3,FT-Transformer,,0,7,0,0.7057744664870258,0.1004648977665968,104.6426623329753
2020Q3,SVI,,0,7,0,0.6614912291206275,0.10502277859276207,3.649249416019302
2020Q4,DynET-mer (searched),FT-32x2,16,8,31,0.777280982422488,0.08123791189999989,233.3983842920279
2020Q4,Dynamic ET,,0,8,0,0.7387191400972912,0.08819542070333315,3.369798667030409
2020Q4,ET,,0,8,0,0.7113500379710618,0.09472998700599983,3.13995966600487
2020Q4,RF,,0,8,0,0.6869510235557286,0.09646248558226074,1.441446624987293
2020Q4,FT-Transformer,,0,8,0,0.7840371038466926,0.07634363491926766,103.84060295799281
2020Q4,SVI,,0,8,0,0.7123618806824104,0.07880630784662035,3.8987336669815704
