ticker,fold,model,region,n,r2,mae
TSLA,2020Q1,Dynamic ET,deep_OTM,5522,0.33787930922390996,0.19793127231256766
TSLA,2020Q1,Dynamic ET,OTM,1791,-0.8726007983851309,0.23853114748185353
TSLA,2020Q1,Dynamic ET,ATM,796,-0.9612778249202245,0.22630421074120638
TSLA,2020Q1,Dynamic ET,ITM,1432,-1.0155348716066204,0.24663812604050314
TSLA,2020Q1,Dynamic ET,deep_ITM,5459,0.385995306317509,0.2223403303224035
TSLA,2020Q1,ET-aug,deep_OTM,5522,0.3100406347402389,0.20316864454726535
TSLA,2020Q1,ET-aug,OTM,1791,-0.909596050629278,0.24024271047459497
TSLA,2020Q1,ET-aug,ATM,796,-0.9841336037638089,0.2267428755150755
TSLA,2020Q1,ET-aug,ITM,1432,-1.0397531264910227,0.2471122646578215
TSLA,2020Q1,ET-aug,deep_ITM,5459,0.3867460212372893,0.22045411288880756
TSLA,2020Q1,BF-varsel,deep_OTM,5522,0.3414954191006545,0.19751811242469475
TSLA,2020Q1,BF-varsel,OTM,1791,-0.8396972211947022,0.23591891603294238
TSLA,2020Q1,BF-varsel,ATM,796,-0.8999525817876657,0.22225906456658334
TSLA,2020Q1,BF-varsel,ITM,1432,-0.9335161811335357,0.24135776989176008
TSLA,2020Q1,BF-varsel,deep_ITM,5459,0.3910428221001935,0.2222989264911158
TSLA,2020Q1,BF-corr,deep_OTM,5522,0.36696582746845674,0.19229357637104755
TSLA,2020Q1,BF-corr,OTM,1791,-0.797829333421175,0.23289559012994523
TSLA,2020Q1,BF-corr,ATM,796,-0.9487762813718417,0.2244000249414805
TSLA,2020Q1,BF-corr,ITM,1432,-0.9632188005756899,0.24240878270441196
TSLA,2020Q1,BF-corr,deep_ITM,5459,0.44691383415917063,0.20693832623990563
TSLA,2020Q2,Dynamic ET,deep_OTM,5166,0.763681194846377,0.08806094457026716
TSLA,2020Q2,Dynamic ET,OTM,1966,-0.036198951947207014,0.09744155553407942
TSLA,2020Q2,Dynamic ET,ATM,1015,-0.0441351873679281,0.10320637403940901
TSLA,2020Q2,Dynamic ET,ITM,1650,-0.2413685970631414,0.10900493010303021
TSLA,2020Q2,Dynamic ET,deep_ITM,5203,0.7079927216447139,0.11261812802037297
TSLA,2020Q2,ET-aug,deep_OTM,5166,0.765583946933034,0.0879736546012389
TSLA,2020Q2,ET-aug,OTM,1966,1.9994899243092057e-05,0.09550968569684645
TSLA,2020Q2,ET-aug,ATM,1015,-0.0031014302260479187,0.1004613892019706
TSLA,2020Q2,ET-aug,ITM,1650,-0.20391359145499877,0.10647242653333332
TSLA,2020Q2,ET-aug,deep_ITM,5203,0.7054664165139043,0.11263141340380559
TSLA,2020Q2,BF-varsel,deep_OTM,5166,0.7641728582498942,0.08802415092463546
TSLA,2020Q2,BF-varsel,OTM,1966,-0.050747590510158425,0.09831610881739579
TSLA,2020Q2,BF-varsel,ATM,1015,-0.06231666742797115,0.10423980780295575
TSLA,2020Q2,BF-varsel,ITM,1650,-0.28195056213646397,0.11063781844242418
TSLA,2020Q2,BF-varsel,deep_ITM,5203,0.7136190995922409,0.11168807962617733
TSLA,2020Q2,BF-corr,deep_OTM,5166,0.7727945677433599,0.08569638992693418
TSLA,2020Q2,BF-corr,OTM,1966,-0.013320228683082913,0.09660543754016769
TSLA,2020Q2,BF-corr,ATM,1015,-0.051311341371270025,0.10283648285037436
TSLA,2020Q2,BF-corr,ITM,1650,-0.2366850912168872,0.10858714719214776
TSLA,2020Q2,BF-corr,deep_ITM,5203,0.7102465503225066,0.11274428966026052
TSLA,2020Q3,Dynamic ET,deep_OTM,5022,0.325026334375363,0.15703396406610903
TSLA,2020Q3,Dynamic ET,OTM,2125,-1.299791018453052,0.21359360393411747
TSLA,2020Q3,Dynamic ET,ATM,1024,-1.376780167327953,0.2269705016796873
TSLA,2020Q3,Dynamic ET,ITM,1699,-1.2690083504744152,0.21733639871689195
TSLA,2020Q3,Dynamic ET,deep_ITM,5130,0.491029444995535,0.1658648968031188
TSLA,2020Q3,ET-aug,deep_OTM,5022,0.3155283542276247,0.1581568752230186
TSLA,2020Q3,ET-aug,OTM,2125,-1.3333074853001077,0.21504536238117622
TSLA,2020Q3,ET-aug,ATM,1024,-1.42080380230274,0.22873168460937476
TSLA,2020Q3,ET-aug,ITM,1699,-1.3006980953195706,0.21857090683931701
TSLA,2020Q3,ET-aug,deep_ITM,5130,0.4857806347331425,0.1668182608908381
TSLA,2020Q3,BF-varsel,deep_OTM,5022,0.3278054730866139,0.15687521557115358
TSLA,2020Q3,BF-varsel,OTM,2125,-1.2284935019420944,0.21062240077176445
TSLA,2020Q3,BF-varsel,ATM,1024,-1.3064182606385026,0.2243658982324216
TSLA,2020Q3,BF-varsel,ITM,1699,-1.2276269600307703,0.2160916019864622
TSLA,2020Q3,BF-varsel,deep_ITM,5130,0.49111965075052544,0.16530232342884985
TSLA,2020Q3,BF-corr,deep_OTM,5022,0.31304370216214983,0.1580366120859938
TSLA,2020Q3,BF-corr,OTM,2125,-1.138790711314516,0.20514011179817201
TSLA,2020Q3,BF-corr,ATM,1024,-1.2920350871065134,0.22107026517176975
TSLA,2020Q3,BF-corr,ITM,1699,-1.2193432768037247,0.2166540310103427
TSLA,2020Q3,BF-corr,deep_ITM,5130,0.4720414463906646,0.16749742212013027
TSLA,2020Q4,Dynamic ET,deep_OTM,5472,0.6157553796590394,0.09713866060672516
TSLA,2020Q4,Dynamic ET,OTM,1747,-0.9037597805904374,0.12221875949627951
TSLA,2020Q4,Dynamic ET,ATM,765,-1.3755382117171937,0.15548057233986937
TSLA,2020Q4,Dynamic ET,ITM,1487,-1.161569441942428,0.1346954216341628
TSLA,2020Q4,Dynamic ET,deep_ITM,5529,0.6119194700507056,0.12105961981009228
TSLA,2020Q4,ET-aug,deep_OTM,5472,0.5953476209024209,0.10104571906981
TSLA,2020Q4,ET-aug,OTM,1747,-1.0130018835261239,0.1257717396279339
TSLA,2020Q4,ET-aug,ATM,765,-1.5527162921501487,0.16090438593464068
TSLA,2020Q4,ET-aug,ITM,1487,-1.427850421902042,0.1421851799327505
TSLA,2020Q4,ET-aug,deep_ITM,5529,0.594782874087878,0.1243494001555435
TSLA,2020Q4,BF-varsel,deep_OTM,5472,0.616924461740271,0.09697294526864034
TSLA,2020Q4,BF-varsel,OTM,1747,-0.900050111643701,0.1218464536815495
TSLA,2020Q4,BF-varsel,ATM,765,-1.2303056593299337,0.15228813686928122
TSLA,2020Q4,BF-varsel,ITM,1487,-1.0425161169095132,0.13077889568930745
TSLA,2020Q4,BF-varsel,deep_ITM,5529,0.6210806642412697,0.1192120098742992
TSLA,2020Q4,BF-corr,deep_OTM,5472,0.6609394936962483,0.08971608087541462
TSLA,2020Q4,BF-corr,OTM,1747,-0.7759734191742536,0.116490773306557
TSLA,2020Q4,BF-corr,ATM,765,-1.2621267692310245,0.15215108928922216
TSLA,2020Q4,BF-corr,ITM,1487,-0.8264059767172343,0.1235443921572467
TSLA,2020Q4,BF-corr,deep_ITM,5529,0.6360104757558768,0.11543783075932543
TSLA,2021Q1,Dynamic ET,deep_OTM,5056,0.7290760462930415,0.08573446115308545
TSLA,2021Q1,Dynamic ET,OTM,2017,-0.8367316968842111,0.09904826951413007
TSLA,2021Q1,Dynamic ET,ATM,1072,-0.7800098056653686,0.10439907350746286
TSLA,2021Q1,Dynamic ET,ITM,1748,-1.0938617674187747,0.11223146290045774
TSLA,2021Q1,Dynamic ET,deep_ITM,5107,0.6917370738580539,0.11861401852359511
TSLA,2021Q1,ET-aug,deep_OTM,5056,0.7286265192689889,0.08539234492484177
TSLA,2021Q1,ET-aug,OTM,2017,-0.952631778982646,0.10096978666336161
TSLA,2021Q1,ET-aug,ATM,1072,-0.8796885558239045,0.10525000273320927
TSLA,2021Q1,ET-aug,ITM,1748,-1.2301716615029559,0.11497476013157909
TSLA,2021Q1,ET-aug,deep_ITM,5107,0.6924125978627911,0.1184815412629725
TSLA,2021Q1,BF-varsel,deep_OTM,5056,0.742187822929241,0.08377269034546408
TSLA,2021Q1,BF-varsel,OTM,2017,-0.7616488124482061,0.09722398257560742
TSLA,2021Q1,BF-varsel,ATM,1072,-0.6794741701786091,0.10220214948227639
TSLA,2021Q1,BF-varsel,ITM,1748,-1.0293283142725196,0.11063179975400467
TSLA,2021Q1,BF-varsel,deep_ITM,5107,0.6963029148402786,0.11761593676914041
TSLA,2021Q1,BF-corr,deep_OTM,5056,0.7544341609487009,0.08209951609787187
TSLA,2021Q1,BF-corr,OTM,2017,-0.7047358082481956,0.096416417918533
TSLA,2021Q1,BF-corr,ATM,1072,-0.6588180320018713,0.10312414243052258
TSLA,2021Q1,BF-corr,ITM,1748,-0.8799633970913137,0.10694649218578453
TSLA,2021Q1,BF-corr,deep_ITM,5107,0.6964725941624936,0.11572035067585701
TSLA,2021Q2,Dynamic ET,deep_OTM,5271,0.6333669804198786,0.11083193490229544
TSLA,2021Q2,Dynamic ET,OTM,1879,-6.366768141878177,0.1659409451676427
TSLA,2021Q2,Dynamic ET,ATM,1035,-8.492511463396134,0.192748538975846
TSLA,2021Q2,Dynamic ET,ITM,1619,-7.149350761225003,0.18753489008647325
TSLA,2021Q2,Dynamic ET,deep_ITM,5196,0.6501512635584938,0.1433915310200155
TSLA,2021Q2,ET-aug,deep_OTM,5271,0.6333007723971849,0.11004068668753546
TSLA,2021Q2,ET-aug,OTM,1879,-7.0640553081627875,0.17072933354443898
TSLA,2021Q2,ET-aug,ATM,1035,-9.205287351894905,0.1969837071014498
TSLA,2021Q2,ET-aug,ITM,1619,-7.6463450412556995,0.1910635973996296
TSLA,2021Q2,ET-aug,deep_ITM,5196,0.6521808866439252,0.14189578794842195
TSLA,2021Q2,BF-varsel,deep_OTM,5271,0.6426257063106824,0.10961163843293477
TSLA,2021Q2,BF-varsel,OTM,1879,-5.994711918367767,0.16279176469398654
TSLA,2021Q2,BF-varsel,ATM,1035,-8.056457958883252,0.18974682263768172
TSLA,2021Q2,BF-varsel,ITM,1619,-6.950636506899942,0.18588840893246872
TSLA,2021Q2,BF-varsel,deep_ITM,5196,0.6519716183059668,0.14406615103829878
TSLA,2021Q2,BF-corr,deep_OTM,5271,0.6273800962763764,0.1128433251187746
TSLA,2021Q2,BF-corr,OTM,1879,-5.936756678980002,0.16382074399893504
TSLA,2021Q2,BF-corr,ATM,1035,-7.841721439343013,0.18996577592395242
TSLA,2021Q2,BF-corr,ITM,1619,-6.466325674594646,0.18096768688107145
TSLA,2021Q2,BF-corr,deep_ITM,5196,0.6560656652563597,0.14329398798546625
TSLA,2021Q3,Dynamic ET,deep_OTM,5200,0.7354652852705703,0.11749801348461565
TSLA,2021Q3,Dynamic ET,OTM,2096,-3.158581429584671,0.15263544844942759
TSLA,2021Q3,Dynamic ET,ATM,1056,-4.274072687297962,0.16731236032197003
TSLA,2021Q3,Dynamic ET,ITM,1693,-3.7379756747983395,0.16568531857058455
TSLA,2021Q3,Dynamic ET,deep_ITM,4955,0.7354228279221507,0.15415754192532816
TSLA,2021Q3,ET-aug,deep_OTM,5200,0.7354311309762706,0.11757057690192334
TSLA,2021Q3,ET-aug,OTM,2096,-3.2301688886897617,0.15415471058683214
TSLA,2021Q3,ET-aug,ATM,1056,-4.408565000906462,0.1700198585700761
TSLA,2021Q3,ET-aug,ITM,1693,-3.7604562895144023,0.16636061243354974
TSLA,2021Q3,ET-aug,deep_ITM,4955,0.7329848405277248,0.15365359544298704
TSLA,2021Q3,BF-varsel,deep_OTM,5200,0.7393342201215936,0.11636073665448741
TSLA,2021Q3,BF-varsel,OTM,2096,-3.0957610825152218,0.1512395541459925
TSLA,2021Q3,BF-varsel,ATM,1056,-4.309135534427181,0.16703269396306852
TSLA,2021Q3,BF-varsel,ITM,1693,-3.7729272204281106,0.16567447345540445
TSLA,2021Q3,BF-varsel,deep_ITM,4955,0.7392993614019687,0.15445843167911222
TSLA,2021Q3,BF-corr,deep_OTM,5200,0.7274799694666905,0.12031598388073905
TSLA,2021Q3,BF-corr,OTM,2096,-3.3397069093501655,0.15714986686744412
TSLA,2021Q3,BF-corr,ATM,1056,-4.367721432179397,0.1693694478567124
TSLA,2021Q3,BF-corr,ITM,1693,-3.810858609478073,0.1677522609372075
TSLA,2021Q3,BF-corr,deep_ITM,4955,0.7373027809375725,0.1563743838032208
TSLA,2021Q4,Dynamic ET,deep_OTM,5113,0.6394976377418959,0.1284971989438691
TSLA,2021Q4,Dynamic ET,OTM,2049,-3.1540787412637776,0.18199640874573025
TSLA,2021Q4,Dynamic ET,ATM,1037,-4.096562935578189,0.20442796615236303
TSLA,2021Q4,Dynamic ET,ITM,1768,-4.194638731430425,0.19794957206448097
TSLA,2021Q4,Dynamic ET,deep_ITM,5033,0.6397985911298422,0.14865043415458012
TSLA,2021Q4,ET-aug,deep_OTM,5113,0.6102888923686485,0.13373207274789833
TSLA,2021Q4,ET-aug,OTM,2049,-3.4994072888824146,0.1888239276671548
TSLA,2021Q4,ET-aug,ATM,1037,-4.655079810435591,0.2155893485824494
TSLA,2021Q4,ET-aug,ITM,1768,-5.068512599705295,0.21413876315045352
TSLA,2021Q4,ET-aug,deep_ITM,5033,0.6082632484636135,0.1581722027856154
TSLA,2021Q4,BF-varsel,deep_OTM,5113,0.6353441173134494,0.13018972623508748
TSLA,2021Q4,BF-varsel,OTM,2049,-2.734866410514075,0.17267653368797842
TSLA,2021Q4,BF-varsel,ATM,1037,-3.509119776793643,0.1920687254821603
TSLA,2021Q4,BF-varsel,ITM,1768,-3.743269720904342,0.18811725565610968
TSLA,2021Q4,BF-varsel,deep_ITM,5033,0.6393738326046141,0.1480854244254589
TSLA,2021Q4,BF-corr,deep_OTM,5113,0.625593120576033,0.13245448052233852
TSLA,2021Q4,BF-corr,OTM,2049,-3.1196479455524324,0.18184829336689462
TSLA,2021Q4,BF-corr,ATM,1037,-4.100992663418452,0.20608659144412647
TSLA,2021Q4,BF-corr,ITM,1768,-4.134372173683,0.19755156973746238
TSLA,2021Q4,BF-corr,deep_ITM,5033,0.628452229969825,0.15355276922748484
TSLA,2022Q1,Dynamic ET,deep_OTM,5176,0.8124785514846966,0.06621725287287478
TSLA,2022Q1,Dynamic ET,OTM,2075,-0.263329356800883,0.055396628134939715
TSLA,2022Q1,Dynamic ET,ATM,956,-0.3247404990784042,0.05833716385983278
TSLA,2022Q1,Dynamic ET,ITM,1694,-0.14727844197074913,0.05800835930932696
TSLA,2022Q1,Dynamic ET,deep_ITM,5099,0.7910620227630798,0.07991623843302594
TSLA,2022Q1,ET-aug,deep_OTM,5176,0.8082493851395139,0.06655717520672329
TSLA,2022Q1,ET-aug,OTM,2075,-0.28767747508581576,0.054575002231325276
TSLA,2022Q1,ET-aug,ATM,956,-0.4207774736989476,0.06026639854602524
TSLA,2022Q1,ET-aug,ITM,1694,-0.17124227200691067,0.05807330152302234
TSLA,2022Q1,ET-aug,deep_ITM,5099,0.7850983379176049,0.08140130182780923
TSLA,2022Q1,BF-varsel,deep_OTM,5176,0.8154657811234441,0.06565883084662266
TSLA,2022Q1,BF-varsel,OTM,2075,-0.22798142022092072,0.055501726106024114
TSLA,2022Q1,BF-varsel,ATM,956,-0.27261716274984016,0.05797468378661098
TSLA,2022Q1,BF-varsel,ITM,1694,-0.1389879141083521,0.058055992502951556
TSLA,2022Q1,BF-varsel,deep_ITM,5099,0.7935423271254168,0.07838954148068238
TSLA,2022Q1,BF-corr,deep_OTM,5176,0.8147174402304332,0.06518408693996504
TSLA,2022Q1,BF-corr,OTM,2075,-0.23833879882169606,0.054661479060510595
TSLA,2022Q1,BF-corr,ATM,956,-0.32691953102866034,0.05846612768956445
TSLA,2022Q1,BF-corr,ITM,1694,-0.12951104489526388,0.05736658364469377
TSLA,2022Q1,BF-corr,deep_ITM,5099,0.7965797998746726,0.07908229872382332
TSLA,2022Q2,Dynamic ET,deep_OTM,5250,0.7808174028538873,0.07942841464000018
TSLA,2022Q2,Dynamic ET,OTM,2068,-1.6692626963303163,0.11231002443907162
TSLA,2022Q2,Dynamic ET,ATM,957,-4.019759497637076,0.1413450754963431
TSLA,2022Q2,Dynamic ET,ITM,1673,-1.818750971872812,0.11944238164973113
TSLA,2022Q2,Dynamic ET,deep_ITM,5052,0.8133031110681027,0.10186965822050668
TSLA,2022Q2,ET-aug,deep_OTM,5250,0.7756620785948207,0.08059064586857162
TSLA,2022Q2,ET-aug,OTM,2068,-1.7510870458509356,0.1146917409767892
TSLA,2022Q2,ET-aug,ATM,957,-4.172393013326639,0.14432856065830757
TSLA,2022Q2,ET-aug,ITM,1673,-1.9536797235414887,0.12296158032875082
TSLA,2022Q2,ET-aug,deep_ITM,5052,0.8063421232113632,0.10358626424188436
TSLA,2022Q2,BF-varsel,deep_OTM,5250,0.7874715840024837,0.07796871141042631
TSLA,2022Q2,BF-varsel,OTM,2068,-1.619908355351014,0.11073889878304322
TSLA,2022Q2,BF-varsel,ATM,957,-3.941203149280933,0.13953408456287034
TSLA,2022Q2,BF-varsel,ITM,1673,-1.7729492159643478,0.11814857984857548
TSLA,2022Q2,BF-varsel,deep_ITM,5052,0.818826041489461,0.10096600340129316
TSLA,2022Q2,BF-corr,deep_OTM,5250,0.7847674501112427,0.07882560420953606
TSLA,2022Q2,BF-corr,OTM,2068,-1.6524216662960756,0.11275677211978144
TSLA,2022Q2,BF-corr,ATM,957,-3.9796225274957653,0.14230640550371407
TSLA,2022Q2,BF-corr,ITM,1673,-1.831054534005589,0.11999801853017465
TSLA,2022Q2,BF-corr,deep_ITM,5052,0.8163776395941098,0.10119139715461477
TSLA,2022Q3,Dynamic ET,deep_OTM,5160,0.8976829874582897,0.04617484031201542
TSLA,2022Q3,Dynamic ET,OTM,2071,-0.4025841321546222,0.061561993099951556
TSLA,2022Q3,Dynamic ET,ATM,1027,-1.2226111792606735,0.07784230185978559
TSLA,2022Q3,Dynamic ET,ITM,1773,-0.7603882616053768,0.07245151677946969
TSLA,2022Q3,Dynamic ET,deep_ITM,4969,0.8941572775028269,0.06761213446166225
TSLA,2022Q3,ET-aug,deep_OTM,5160,0.893263510135036,0.04752189642054253
TSLA,2022Q3,ET-aug,OTM,2071,-0.8940242595353916,0.07259150193626249
TSLA,2022Q3,ET-aug,ATM,1027,-2.1097357166837964,0.0940188203602723
TSLA,2022Q3,ET-aug,ITM,1773,-1.3976849798570052,0.08441657283699926
TSLA,2022Q3,ET-aug,deep_ITM,4969,0.8898232079192232,0.06968333326222564
TSLA,2022Q3,BF-varsel,deep_OTM,5160,0.8953379886940387,0.046658319349999845
TSLA,2022Q3,BF-varsel,OTM,2071,-0.37070902649682336,0.05887855678416215
TSLA,2022Q3,BF-varsel,ATM,1027,-1.0145998186559257,0.07298679804284311
TSLA,2022Q3,BF-varsel,ITM,1773,-0.724299661623226,0.07021824745910867
TSLA,2022Q3,BF-varsel,deep_ITM,4969,0.882915702378621,0.06981977276615008
TSLA,2022Q3,BF-corr,deep_OTM,5160,0.8933671056673195,0.04837883089105727
TSLA,2022Q3,BF-corr,OTM,2071,-0.882818449881855,0.07172295294802278
TSLA,2022Q3,BF-corr,ATM,1027,-2.027220216876333,0.09229428500155396
TSLA,2022Q3,BF-corr,ITM,1773,-1.1451099132283842,0.0802186001185048
TSLA,2022Q3,BF-corr,deep_ITM,4969,0.885368530274614,0.0701090137119433
TSLA,2022Q4,Dynamic ET,deep_OTM,5769,0.8760433743272182,0.0489105769058763
TSLA,2022Q4,Dynamic ET,OTM,1636,0.04938227337891454,0.0512906150855748
TSLA,2022Q4,Dynamic ET,ATM,766,-0.08462329421459458,0.05383205285900813
TSLA,2022Q4,Dynamic ET,ITM,1441,0.0544462690957096,0.05105890255378252
TSLA,2022Q4,Dynamic ET,deep_ITM,5388,0.9422676833882366,0.04629250668337045
TSLA,2022Q4,ET-aug,deep_OTM,5769,0.8813918071916527,0.04828393683134006
TSLA,2022Q4,ET-aug,OTM,1636,0.11504526537128723,0.05361424116748241
TSLA,2022Q4,ET-aug,ATM,766,-0.008965688907216052,0.05502483727154101
TSLA,2022Q4,ET-aug,ITM,1441,0.085225668234852,0.0545300319361562
TSLA,2022Q4,ET-aug,deep_ITM,5388,0.9412027036242996,0.046999774894209354
TSLA,2022Q4,BF-varsel,deep_OTM,5769,0.8671934379125668,0.049432763033483595
TSLA,2022Q4,BF-varsel,OTM,1636,0.04477083319295305,0.05057226208129595
TSLA,2022Q4,BF-varsel,ATM,766,-0.09722311984116883,0.05334722055483059
TSLA,2022Q4,BF-varsel,ITM,1441,0.06677566555536296,0.05011058957668323
TSLA,2022Q4,BF-varsel,deep_ITM,5388,0.9375975110452216,0.046047759117792623
TSLA,2022Q4,BF-corr,deep_OTM,5769,0.8586418945541132,0.048511756312892444
TSLA,2022Q4,BF-corr,OTM,1636,0.14168487374378225,0.04910956664390751
TSLA,2022Q4,BF-corr,ATM,766,0.005311343703025884,0.052086550517526024
TSLA,2022Q4,BF-corr,ITM,1441,0.08817220181460694,0.05043407194147189
TSLA,2022Q4,BF-corr,deep_ITM,5388,0.9252604589112352,0.04762764266892135
NVDA,2021Q1,Dynamic ET,deep_OTM,4927,0.9693620685077575,0.04040907790135979
NVDA,2021Q1,Dynamic ET,OTM,2461,-0.15520044328848126,0.052885205225517914
NVDA,2021Q1,Dynamic ET,ATM,1304,-0.5233286736581244,0.05763248194018407
NVDA,2021Q1,Dynamic ET,ITM,1967,-0.017552148777793652,0.0590577499034062
NVDA,2021Q1,Dynamic ET,deep_ITM,4341,0.8473611654497945,0.08272697636258936
NVDA,2021Q1,ET-aug,deep_OTM,4927,0.9683895672222825,0.04083196271970766
NVDA,2021Q1,ET-aug,OTM,2461,-0.1679291776415699,0.05318153588378688
NVDA,2021Q1,ET-aug,ATM,1304,-0.5296028381114763,0.057750141027607366
NVDA,2021Q1,ET-aug,ITM,1967,-0.03201293720431031,0.05932541124046774
NVDA,2021Q1,ET-aug,deep_ITM,4341,0.8445897554581872,0.08361318055286808
NVDA,2021Q1,BF-varsel,deep_OTM,4927,0.9691226212916595,0.04027871922383465
NVDA,2021Q1,BF-varsel,OTM,2461,-0.12821682586246985,0.052334350662670816
NVDA,2021Q1,BF-varsel,ATM,1304,-0.5139812658256802,0.058081504725204534
NVDA,2021Q1,BF-varsel,ITM,1967,-0.0164234293672032,0.05902876235426191
NVDA,2021Q1,BF-varsel,deep_ITM,4341,0.8574689418400114,0.08125207698130245
NVDA,2021Q1,BF-corr,deep_OTM,4927,0.9698561512433408,0.0398243632217832
NVDA,2021Q1,BF-corr,OTM,2461,-0.14130792058312158,0.05231520257774909
NVDA,2021Q1,BF-corr,ATM,1304,-0.46410040078123727,0.05617748020425449
NVDA,2021Q1,BF-corr,ITM,1967,-0.008163999957867096,0.058315216155873026
NVDA,2021Q1,BF-corr,deep_ITM,4341,0.8504681482278,0.08262491446944895
NVDA,2021Q2,Dynamic ET,deep_OTM,4741,0.9363453365355452,0.0640750727103986
NVDA,2021Q2,Dynamic ET,OTM,2366,-2.9940245039696873,0.10172238871090462
NVDA,2021Q2,Dynamic ET,ATM,1243,-10.018534703162686,0.12786096890587326
NVDA,2021Q2,Dynamic ET,ITM,2086,-3.60864631781953,0.1141438273010548
NVDA,2021Q2,Dynamic ET,deep_ITM,4564,0.8060429209073919,0.10123163754601218
NVDA,2021Q2,ET-aug,deep_OTM,4741,0.9333282063271244,0.06529037055262596
NVDA,2021Q2,ET-aug,OTM,2366,-3.1779544731839584,0.1040584831656805
NVDA,2021Q2,ET-aug,ATM,1243,-10.013873314721287,0.12814013078841544
NVDA,2021Q2,ET-aug,ITM,2086,-3.6960855175984735,0.11556522734899337
NVDA,2021Q2,ET-aug,deep_ITM,4564,0.8025486452293605,0.1021012031595091
NVDA,2021Q2,BF-varsel,deep_OTM,4741,0.93666319386271,0.06386259203807214
NVDA,2021Q2,BF-varsel,OTM,2366,-2.8650650125854455,0.09995093634192737
NVDA,2021Q2,BF-varsel,ATM,1243,-9.841552837226082,0.12632605080383527
NVDA,2021Q2,BF-varsel,ITM,2086,-3.558897408228103,0.11298926174496655
NVDA,2021Q2,BF-varsel,deep_ITM,4564,0.8082120612380037,0.10149008559962014
NVDA,2021Q2,BF-corr,deep_OTM,4741,0.9366109952682858,0.06430984664446683
NVDA,2021Q2,BF-corr,OTM,2366,-2.8720463789004276,0.10055958870428938
NVDA,2021Q2,BF-corr,ATM,1243,-9.505527381188925,0.12525600367907755
NVDA,2021Q2,BF-corr,ITM,2086,-3.4599468543856924,0.11269558217414032
NVDA,2021Q2,BF-corr,deep_ITM,4564,0.813673149214048,0.10034948015764633
NVDA,2021Q3,Dynamic ET,deep_OTM,5037,0.9434579566884654,0.05107507165773273
NVDA,2021Q3,Dynamic ET,OTM,2131,-0.06642461845156311,0.0494853715204132
NVDA,2021Q3,Dynamic ET,ATM,1076,-0.7618215675757958,0.048404816273235216
NVDA,2021Q3,Dynamic ET,ITM,1746,0.05464201680642766,0.05249558096792676
NVDA,2021Q3,Dynamic ET,deep_ITM,5010,0.8325444873150101,0.07556580995009986
NVDA,2021Q3,ET-aug,deep_OTM,5037,0.9398768627397943,0.052769044002382276
NVDA,2021Q3,ET-aug,OTM,2131,-0.08455074045831523,0.04947151562177399
NVDA,2021Q3,ET-aug,ATM,1076,-0.7834657182062157,0.048204675483272376
NVDA,2021Q3,ET-aug,ITM,1746,0.03275872227991894,0.05239501719358528
NVDA,2021Q3,ET-aug,deep_ITM,5010,0.8288567173977814,0.076404334235529
NVDA,2021Q3,BF-varsel,deep_OTM,5037,0.9441039616014508,0.05033977498031223
NVDA,2021Q3,BF-varsel,OTM,2131,-0.15338009312702705,0.052120381618958454
NVDA,2021Q3,BF-varsel,ATM,1076,-0.9960657773302612,0.05245929694237999
NVDA,2021Q3,BF-varsel,ITM,1746,-0.048892884846018836,0.05599597240263457
NVDA,2021Q3,BF-varsel,deep_ITM,5010,0.8336392622136195,0.07587745076946101
NVDA,2021Q3,BF-corr,deep_OTM,5037,0.9408712881749526,0.05168197437384345
NVDA,2021Q3,BF-corr,OTM,2131,-0.12150563091300892,0.050714521967558844
NVDA,2021Q3,BF-corr,ATM,1076,-0.7580545983587688,0.04845136855346007
NVDA,2021Q3,BF-corr,ITM,1746,0.028269822286274393,0.05328090421086055
NVDA,2021Q3,BF-corr,deep_ITM,5010,0.833676133402381,0.07660682502102793
NVDA,2021Q4,Dynamic ET,deep_OTM,5280,0.8808396450204947,0.05721780439015126
NVDA,2021Q4,Dynamic ET,OTM,2004,-0.34063806334136726,0.07599008342315378
NVDA,2021Q4,Dynamic ET,ATM,1022,-0.6165437978104049,0.07969795822896295
NVDA,2021Q4,Dynamic ET,ITM,1691,-0.175093825880553,0.0758630431224129
NVDA,2021Q4,Dynamic ET,deep_ITM,5003,0.8383233994085962,0.07665321401159306
NVDA,2021Q4,ET-aug,deep_OTM,5280,0.8809120224317581,0.05713646846969669
NVDA,2021Q4,ET-aug,OTM,2004,-0.34997006158908883,0.07611174349301411
NVDA,2021Q4,ET-aug,ATM,1022,-0.5692365774595758,0.0783619828571431
NVDA,2021Q4,ET-aug,ITM,1691,-0.17826254925943275,0.07592277594322902
NVDA,2021Q4,ET-aug,deep_ITM,5003,0.8364859359582631,0.07685413407155708
NVDA,2021Q4,BF-varsel,deep_OTM,5280,0.8822686993833267,0.056869889964646196
NVDA,2021Q4,BF-varsel,OTM,2004,-0.3422325289982848,0.07625529961576859
NVDA,2021Q4,BF-varsel,ATM,1022,-0.6462054517399061,0.08051710840834976
NVDA,2021Q4,BF-varsel,ITM,1691,-0.16785695450834126,0.07602384420264151
NVDA,2021Q4,BF-varsel,deep_ITM,5003,0.8452773166358294,0.07575945846458793
NVDA,2021Q4,BF-corr,deep_OTM,5280,0.8821640104148827,0.05682859262045863
NVDA,2021Q4,BF-corr,OTM,2004,-0.30241544768984596,0.07502378539154482
NVDA,2021Q4,BF-corr,ATM,1022,-0.542313603637788,0.0782819153213837
NVDA,2021Q4,BF-corr,ITM,1691,-0.12244988359839204,0.074735384553354
NVDA,2021Q4,BF-corr,deep_ITM,5003,0.8514712331616474,0.07422362005425519
NVDA,2022Q1,Dynamic ET,deep_OTM,5576,0.8415909282119634,0.06607587270982755
NVDA,2022Q1,Dynamic ET,OTM,1854,-1.4817063202245433,0.1130007071682848
NVDA,2022Q1,Dynamic ET,ATM,915,-2.626606535474487,0.12375294041530055
NVDA,2022Q1,Dynamic ET,ITM,1519,-1.5210797368041313,0.11594268787360094
NVDA,2022Q1,Dynamic ET,deep_ITM,5136,0.8250091479588181,0.08520618338200932
NVDA,2022Q1,ET-aug,deep_OTM,5576,0.8330390840388602,0.06872585644189358
NVDA,2022Q1,ET-aug,OTM,1854,-1.6785829676872255,0.11928687898597641
NVDA,2022Q1,ET-aug,ATM,915,-2.841513207711516,0.12983290420765034
NVDA,2022Q1,ET-aug,ITM,1519,-1.672677924306988,0.12148076398946672
NVDA,2022Q1,ET-aug,deep_ITM,5136,0.8202501807203956,0.08868276885514015
NVDA,2022Q1,BF-varsel,deep_OTM,5576,0.838229884344297,0.06622498574367158
NVDA,2022Q1,BF-varsel,OTM,1854,-1.365814910656593,0.10995824344839988
NVDA,2022Q1,BF-varsel,ATM,915,-2.4545145191622644,0.11950273903843348
NVDA,2022Q1,BF-varsel,ITM,1519,-1.421342512133124,0.11249911381226672
NVDA,2022Q1,BF-varsel,deep_ITM,5136,0.821351022208499,0.08428799696553743
NVDA,2022Q1,BF-corr,deep_OTM,5576,0.8262951123507165,0.06628664960752371
NVDA,2022Q1,BF-corr,OTM,1854,-1.2303937255868358,0.10692758278112476
NVDA,2022Q1,BF-corr,ATM,915,-2.361227019063774,0.1174980548799292
NVDA,2022Q1,BF-corr,ITM,1519,-1.3540246830097122,0.11058137557389247
NVDA,2022Q1,BF-corr,deep_ITM,5136,0.821508648779526,0.08305032226535565
NVDA,2022Q2,Dynamic ET,deep_OTM,5945,0.7660078934862363,0.08836287272497904
NVDA,2022Q2,Dynamic ET,OTM,1616,-1.0652754653849117,0.1435873805754949
NVDA,2022Q2,Dynamic ET,ATM,727,-2.14878522282381,0.1576155541953233
NVDA,2022Q2,Dynamic ET,ITM,1416,-1.093327145596012,0.14354168245762683
NVDA,2022Q2,Dynamic ET,deep_ITM,5296,0.8356586462861537,0.11035624321185779
NVDA,2022Q2,ET-aug,deep_OTM,5945,0.7608535062485066,0.08995458052312878
NVDA,2022Q2,ET-aug,OTM,1616,-1.0823483088941583,0.143805946621287
NVDA,2022Q2,ET-aug,ATM,727,-2.147409963930537,0.15716591020632745
NVDA,2022Q2,ET-aug,ITM,1416,-1.1326609852570781,0.1452661925423727
NVDA,2022Q2,ET-aug,deep_ITM,5296,0.829885939300454,0.11243033049093636
NVDA,2022Q2,BF-varsel,deep_OTM,5945,0.7680006788482537,0.08757020334608115
NVDA,2022Q2,BF-varsel,OTM,1616,-1.0135351804580401,0.14188096699154273
NVDA,2022Q2,BF-varsel,ATM,727,-2.097708147600516,0.1565877959949564
NVDA,2022Q2,BF-varsel,ITM,1416,-1.042957535609259,0.14115473053907698
NVDA,2022Q2,BF-varsel,deep_ITM,5296,0.8391447305986562,0.10947364299282457
NVDA,2022Q2,BF-corr,deep_OTM,5945,0.7673545309134026,0.08579281506996093
NVDA,2022Q2,BF-corr,OTM,1616,-1.0037892393589893,0.14051310503912798
NVDA,2022Q2,BF-corr,ATM,727,-2.069777162627235,0.15562859901044204
NVDA,2022Q2,BF-corr,ITM,1416,-1.0419360454868385,0.1408381717910587
NVDA,2022Q2,BF-corr,deep_ITM,5296,0.8372713525347482,0.10654199973236872
NVDA,2022Q3,Dynamic ET,deep_OTM,5855,0.9487163175107862,0.033391327658411504
NVDA,2022Q3,Dynamic ET,OTM,1835,-0.15176122217689225,0.04688562166212535
NVDA,2022Q3,Dynamic ET,ATM,821,-2.3432615358841127,0.051311346626066075
NVDA,2022Q3,Dynamic ET,ITM,1465,-0.2147107163930675,0.054957039221843106
NVDA,2022Q3,Dynamic ET,deep_ITM,5024,0.9306067921093758,0.055302984273487295
NVDA,2022Q3,ET-aug,deep_OTM,5855,0.9428890597666514,0.035725573559350896
NVDA,2022Q3,ET-aug,OTM,1835,-0.5211994975059482,0.054624054626703056
NVDA,2022Q3,ET-aug,ATM,821,-3.5852946296637214,0.059686448635810324
NVDA,2022Q3,ET-aug,ITM,1465,-0.41714052263202284,0.06061367432081922
NVDA,2022Q3,ET-aug,deep_ITM,5024,0.9290759859069346,0.05679509091958602
NVDA,2022Q3,BF-varsel,deep_OTM,5855,0.9498404988397632,0.03290622293204912
NVDA,2022Q3,BF-varsel,OTM,1835,0.09890042736909888,0.04102549204632153
NVDA,2022Q3,BF-varsel,ATM,821,-1.7057476487761636,0.046478239997970044
NVDA,2022Q3,BF-varsel,ITM,1465,-0.10313616779488766,0.052691060261092174
NVDA,2022Q3,BF-varsel,deep_ITM,5024,0.9305333458255816,0.05536877894506375
NVDA,2022Q3,BF-corr,deep_OTM,5855,0.9426265741802317,0.03365147412382795
NVDA,2022Q3,BF-corr,OTM,1835,0.21944662704882845,0.03822251822526534
NVDA,2022Q3,BF-corr,ATM,821,-1.265747454370504,0.04291085366513041
NVDA,2022Q3,BF-corr,ITM,1465,0.02636932439378803,0.049664135069031966
NVDA,2022Q3,BF-corr,deep_ITM,5024,0.9309355757246712,0.0539766279360736
NVDA,2022Q4,Dynamic ET,deep_OTM,5413,0.9341498958249266,0.03701983110474785
NVDA,2022Q4,Dynamic ET,OTM,2062,0.24966445898794276,0.051782614369544004
NVDA,2022Q4,Dynamic ET,ATM,962,-0.12071250808640288,0.05191049323284812
NVDA,2022Q4,Dynamic ET,ITM,1780,-0.015139142288439489,0.051747763376404556
NVDA,2022Q4,Dynamic ET,deep_ITM,4783,0.9353386392877133,0.05281728886891089
NVDA,2022Q4,ET-aug,deep_OTM,5413,0.931783077634473,0.03736314836874194
NVDA,2022Q4,ET-aug,OTM,2062,0.21216719414880847,0.05234722847720645
NVDA,2022Q4,ET-aug,ATM,962,-0.13809855927032144,0.05159325372141363
NVDA,2022Q4,ET-aug,ITM,1780,-0.0656055759538634,0.0523809988483147
NVDA,2022Q4,ET-aug,deep_ITM,4783,0.9337588516540017,0.05325454028852198
NVDA,2022Q4,BF-varsel,deep_OTM,5413,0.9401994538767554,0.03606966046803993
NVDA,2022Q4,BF-varsel,OTM,2062,0.2971597905689737,0.05054273293161965
NVDA,2022Q4,BF-varsel,ATM,962,-0.1017477247104186,0.05165851525814262
NVDA,2022Q4,BF-varsel,ITM,1780,0.034639282286173856,0.05098881264044952
NVDA,2022Q4,BF-varsel,deep_ITM,4783,0.9366222169792221,0.05217255619224351
NVDA,2022Q4,BF-corr,deep_OTM,5413,0.9351263081758828,0.036574832052398074
NVDA,2022Q4,BF-corr,OTM,2062,0.24970651569894364,0.05152263915953869
NVDA,2022Q4,BF-corr,ATM,962,-0.1161687266750635,0.051651563534423336
NVDA,2022Q4,BF-corr,ITM,1780,-0.01070810112403553,0.051546645426107734
NVDA,2022Q4,BF-corr,deep_ITM,4783,0.9383777255245634,0.051347470390894503
QQQ,2022Q1,Dynamic ET,deep_OTM,2934,0.969816424620699,0.023735782341513245
QQQ,2022Q1,Dynamic ET,OTM,4135,0.31365754885438935,0.049642959373639654
QQQ,2022Q1,Dynamic ET,ATM,2284,-2.239646001688618,0.07669658499999998
QQQ,2022Q1,Dynamic ET,ITM,3145,0.36339500046458106,0.05988387923688396
QQQ,2022Q1,Dynamic ET,deep_ITM,2502,0.7786263444139686,0.06727470293764982
QQQ,2022Q1,ET-aug,deep_OTM,2934,0.9678116463613589,0.024864184867075576
QQQ,2022Q1,ET-aug,OTM,4135,0.2921681782257578,0.05063093810882707
QQQ,2022Q1,ET-aug,ATM,2284,-2.28147168520556,0.0771730203677758
QQQ,2022Q1,ET-aug,ITM,3145,0.356052773076565,0.06033254172972972
QQQ,2022Q1,ET-aug,deep_ITM,2502,0.7784982795935641,0.06810251678257388
QQQ,2022Q1,BF-varsel,deep_OTM,2934,0.9691326228148257,0.02355942808663612
QQQ,2022Q1,BF-varsel,OTM,4135,0.3357119990724923,0.04877455739262182
QQQ,2022Q1,BF-varsel,ATM,2284,-2.1562390962848768,0.07557151410391122
QQQ,2022Q1,BF-varsel,ITM,3145,0.3653369786546494,0.0596594782527822
QQQ,2022Q1,BF-varsel,deep_ITM,2502,0.7724765362386927,0.06766620582267514
QQQ,2022Q1,BF-corr,deep_OTM,2934,0.9583724529999336,0.025964136747167316
QQQ,2022Q1,BF-corr,OTM,4135,0.3805393353971075,0.04724791001306314
QQQ,2022Q1,BF-corr,ATM,2284,-2.029718126247988,0.07429689357477613
QQQ,2022Q1,BF-corr,ITM,3145,0.3828615508198876,0.058587581175714325
QQQ,2022Q1,BF-corr,deep_ITM,2502,0.7660131059783734,0.06938573141835923
QQQ,2022Q2,Dynamic ET,deep_OTM,3748,0.9597685897015568,0.026976575189434356
QQQ,2022Q2,Dynamic ET,OTM,3551,0.5711344291331679,0.03956142138834116
QQQ,2022Q2,Dynamic ET,ATM,1792,-0.1371663015963771,0.04286661206473214
QQQ,2022Q2,Dynamic ET,ITM,2705,0.5655325900109581,0.04680398480961182
QQQ,2022Q2,Dynamic ET,deep_ITM,3204,0.8033861078401204,0.08637105189762782
QQQ,2022Q2,ET-aug,deep_OTM,3748,0.9600527587422469,0.02780618503735333
QQQ,2022Q2,ET-aug,OTM,3551,0.5829738307416137,0.038720907068431225
QQQ,2022Q2,ET-aug,ATM,1792,-0.10468351994866154,0.04201472571986607
QQQ,2022Q2,ET-aug,ITM,2705,0.567787356838087,0.046451678314232824
QQQ,2022Q2,ET-aug,deep_ITM,3204,0.8033154040689047,0.0862551244818975
QQQ,2022Q2,BF-varsel,deep_OTM,3748,0.9536536714133172,0.027117806223520093
QQQ,2022Q2,BF-varsel,OTM,3551,0.5840276576433951,0.03884882136835766
QQQ,2022Q2,BF-varsel,ATM,1792,-0.15640729729853642,0.04319779306361605
QQQ,2022Q2,BF-varsel,ITM,2705,0.5764843601125775,0.046235937138632145
QQQ,2022Q2,BF-varsel,deep_ITM,3204,0.7903562665125882,0.0890894585802468
QQQ,2022Q2,BF-corr,deep_OTM,3748,0.92257707461215,0.029899738107761104
QQQ,2022Q2,BF-corr,OTM,3551,0.6135642037395403,0.03727677362760504
QQQ,2022Q2,BF-corr,ATM,1792,-0.11011503344445162,0.04302540016816241
QQQ,2022Q2,BF-corr,ITM,2705,0.5519464210921521,0.04717486671953204
QQQ,2022Q2,BF-corr,deep_ITM,3204,0.7307289547529889,0.09811643236040009
QQQ,2022Q3,Dynamic ET,deep_OTM,3617,0.9758894554079385,0.01935592197401167
QQQ,2022Q3,Dynamic ET,OTM,3625,0.5236114436062109,0.0332076128827587
QQQ,2022Q3,Dynamic ET,ATM,1878,-1.2103154547194497,0.04353694218849838
QQQ,2022Q3,Dynamic ET,ITM,2822,0.4166780981767655,0.03916604400070871
QQQ,2022Q3,Dynamic ET,deep_ITM,3058,0.8645181138834692,0.05058806150425105
QQQ,2022Q3,ET-aug,deep_OTM,3617,0.9764269417789396,0.019671257763339854
QQQ,2022Q3,ET-aug,OTM,3625,0.5055082474263166,0.033788354275862166
QQQ,2022Q3,ET-aug,ATM,1878,-1.2752469166389906,0.04412959199148032
QQQ,2022Q3,ET-aug,ITM,2822,0.38791763691655146,0.04027321650248052
QQQ,2022Q3,ET-aug,deep_ITM,3058,0.860429944730845,0.051132404355788
QQQ,2022Q3,BF-varsel,deep_OTM,3617,0.9679104626343108,0.02079341233694265
QQQ,2022Q3,BF-varsel,OTM,3625,0.5491113457128189,0.032419141188098556
QQQ,2022Q3,BF-varsel,ATM,1878,-1.1120799387560467,0.04262344438764641
QQQ,2022Q3,BF-varsel,ITM,2822,0.4323433529116688,0.038795898984762614
QQQ,2022Q3,BF-varsel,deep_ITM,3058,0.8645280019101403,0.050503057044909434
QQQ,2022Q3,BF-corr,deep_OTM,3617,0.9298961562817839,0.02535466289058739
QQQ,2022Q3,BF-corr,OTM,3625,0.5236119276405429,0.03326335298317061
QQQ,2022Q3,BF-corr,ATM,1878,-1.1776726109580276,0.04338178552589762
QQQ,2022Q3,BF-corr,ITM,2822,0.4410730933193834,0.038615313708735804
QQQ,2022Q3,BF-corr,deep_ITM,3058,0.8580006939391938,0.05188818178287618
QQQ,2022Q4,Dynamic ET,deep_OTM,3792,0.9814888306107306,0.018089030456223808
QQQ,2022Q4,Dynamic ET,OTM,3493,0.32814917133968724,0.03710060891497292
QQQ,2022Q4,Dynamic ET,ATM,2103,-0.5756769467656384,0.046983551207798346
QQQ,2022Q4,Dynamic ET,ITM,2732,0.49003955526141796,0.041922570472181446
QQQ,2022Q4,Dynamic ET,deep_ITM,2880,0.9119419609697149,0.05054125122222222
QQQ,2022Q4,ET-aug,deep_OTM,3792,0.9810256718630567,0.018501314293249135
QQQ,2022Q4,ET-aug,OTM,3493,0.31129939894718583,0.037662360910392295
QQQ,2022Q4,ET-aug,ATM,2103,-0.610002291073775,0.0475352808654303
QQQ,2022Q4,ET-aug,ITM,2732,0.4788414450844567,0.04258668698023416
QQQ,2022Q4,ET-aug,deep_ITM,2880,0.9113762002784863,0.051151844166666745
QQQ,2022Q4,BF-varsel,deep_OTM,3792,0.9798936069009829,0.01831708698644405
QQQ,2022Q4,BF-varsel,OTM,3493,0.34435338587329367,0.03672931902880376
QQQ,2022Q4,BF-varsel,ATM,2103,-0.5712534565642153,0.04691634347440161
QQQ,2022Q4,BF-varsel,ITM,2732,0.4921795450090881,0.04173442623352849
QQQ,2022Q4,BF-varsel,deep_ITM,2880,0.9083035139423346,0.05029657196354164
QQQ,2022Q4,BF-corr,deep_OTM,3792,0.971796149018575,0.02086258142035991
QQQ,2022Q4,BF-corr,OTM,3493,0.33621335629111293,0.037016437263877024
QQQ,2022Q4,BF-corr,ATM,2103,-0.5485772636744413,0.04661304810710579
QQQ,2022Q4,BF-corr,ITM,2732,0.4895650660645722,0.04181729973068778
QQQ,2022Q4,BF-corr,deep_ITM,2880,0.9016386096464988,0.05266310578583947
SPY,2021Q1,Dynamic ET,deep_OTM,3386,0.9888794386732159,0.017080019492026054
SPY,2021Q1,Dynamic ET,OTM,3449,0.9060098589265873,0.015212752360104404
SPY,2021Q1,Dynamic ET,ATM,2287,0.48136997048459584,0.018817181088762548
SPY,2021Q1,Dynamic ET,ITM,2672,0.8516476291193301,0.019726804464820398
SPY,2021Q1,Dynamic ET,deep_ITM,3206,0.9006127301230293,0.05328075189020581
SPY,2021Q1,ET-aug,deep_OTM,3386,0.9882789470061328,0.01760558524512702
SPY,2021Q1,ET-aug,OTM,3449,0.9042380276799032,0.015277694899971054
SPY,2021Q1,ET-aug,ATM,2287,0.46940695109954433,0.019114318006121508
SPY,2021Q1,ET-aug,ITM,2672,0.8481231709327045,0.020090876530688646
SPY,2021Q1,ET-aug,deep_ITM,3206,0.8981073002639887,0.05464788348097306
SPY,2021Q1,BF-varsel,deep_OTM,3386,0.9889565520524609,0.01697965792902156
SPY,2021Q1,BF-varsel,OTM,3449,0.9037262551958493,0.0154382675635968
SPY,2021Q1,BF-varsel,ATM,2287,0.4802606850381873,0.01895397298280131
SPY,2021Q1,BF-varsel,ITM,2672,0.8490222657849806,0.019812959322604823
SPY,2021Q1,BF-varsel,deep_ITM,3206,0.9039278034476463,0.052461694310667426
SPY,2021Q1,BF-corr,deep_OTM,3386,0.9858746129378835,0.017282412865143267
SPY,2021Q1,BF-corr,OTM,3449,0.8937399274985272,0.016189567484750433
SPY,2021Q1,BF-corr,ATM,2287,0.43208146818161786,0.02017572919940515
SPY,2021Q1,BF-corr,ITM,2672,0.8374973695851256,0.020175555940847547
SPY,2021Q1,BF-corr,deep_ITM,3206,0.9088717169898423,0.05226094432783509
SPY,2021Q2,Dynamic ET,deep_OTM,3098,0.980015864203899,0.02540919850548736
SPY,2021Q2,Dynamic ET,OTM,3668,0.8634573950672614,0.020533353980370674
SPY,2021Q2,Dynamic ET,ATM,2486,0.34937499679839124,0.021804826053901747
SPY,2021Q2,Dynamic ET,ITM,2870,0.7920824342945227,0.023860711243902447
SPY,2021Q2,Dynamic ET,deep_ITM,2878,0.8965409314878737,0.04162453995135512
SPY,2021Q2,ET-aug,deep_OTM,3098,0.9808428067960704,0.024543295819883782
SPY,2021Q2,ET-aug,OTM,3668,0.8727302470237396,0.019361313282442612
SPY,2021Q2,ET-aug,ATM,2486,0.4243312858411624,0.020137417156073874
SPY,2021Q2,ET-aug,ITM,2870,0.7983449025918447,0.0228252571707317
SPY,2021Q2,ET-aug,deep_ITM,2878,0.8955773235139952,0.04126949312022242
SPY,2021Q2,BF-varsel,deep_OTM,3098,0.9810634377689575,0.024768709839368915
SPY,2021Q2,BF-varsel,OTM,3668,0.8626108463789643,0.020501064249699105
SPY,2021Q2,BF-varsel,ATM,2486,0.33391682520524923,0.021989414764682125
SPY,2021Q2,BF-varsel,ITM,2870,0.7919003966608464,0.023834224890243904
SPY,2021Q2,BF-varsel,deep_ITM,2878,0.8980496032926365,0.041345531169214744
SPY,2021Q2,BF-corr,deep_OTM,3098,0.977069022250939,0.026976353008174796
SPY,2021Q2,BF-corr,OTM,3668,0.8174768748556989,0.02397338795161493
SPY,2021Q2,BF-corr,ATM,2486,0.09361778667003329,0.025964197644286795
SPY,2021Q2,BF-corr,ITM,2870,0.7345064678447374,0.02764415906509375
SPY,2021Q2,BF-corr,deep_ITM,2878,0.8933730773783495,0.04400998829470877
SPY,2021Q3,Dynamic ET,deep_OTM,2979,0.989451082619649,0.013914010688150373
SPY,2021Q3,Dynamic ET,OTM,3755,0.8996049910359808,0.015604544231691058
SPY,2021Q3,Dynamic ET,ATM,2521,0.32266157642671334,0.022540043859579435
SPY,2021Q3,Dynamic ET,ITM,3041,0.8160634412761223,0.021319354199276552
SPY,2021Q3,Dynamic ET,deep_ITM,2704,0.8740977673145417,0.03999208137204148
SPY,2021Q3,ET-aug,deep_OTM,2979,0.9883201351032159,0.015520610446458503
SPY,2021Q3,ET-aug,OTM,3755,0.8798122577066467,0.01765961348868172
SPY,2021Q3,ET-aug,ATM,2521,0.22309363149787587,0.024959694399047938
SPY,2021Q3,ET-aug,ITM,3041,0.7864409692904466,0.023576563919763177
SPY,2021Q3,ET-aug,deep_ITM,2704,0.8706971359464079,0.042582112148668694
SPY,2021Q3,BF-varsel,deep_OTM,2979,0.9884142633531766,0.014260940553618743
SPY,2021Q3,BF-varsel,OTM,3755,0.8989158001723403,0.01562033238855126
SPY,2021Q3,BF-varsel,ATM,2521,0.33569342618512055,0.02242549387280171
SPY,2021Q3,BF-varsel,ITM,3041,0.8115251116024157,0.021342712839252424
SPY,2021Q3,BF-varsel,deep_ITM,2704,0.8705423374572658,0.040446420591716006
SPY,2021Q3,BF-corr,deep_OTM,2979,0.9789668766011325,0.016048896297503907
SPY,2021Q3,BF-corr,OTM,3755,0.8908348453452237,0.015759380513611695
SPY,2021Q3,BF-corr,ATM,2521,0.46584402416302384,0.019709448657453638
SPY,2021Q3,BF-corr,ITM,3041,0.8164896842083332,0.020763116559621316
SPY,2021Q3,BF-corr,deep_ITM,2704,0.8706497166493183,0.03983921100715998
SPY,2021Q4,Dynamic ET,deep_OTM,2893,0.983649169938576,0.01814100979260279
SPY,2021Q4,Dynamic ET,OTM,3736,0.8957675771397063,0.015345329119378944
SPY,2021Q4,Dynamic ET,ATM,2542,0.29760575178330084,0.02239075366640441
SPY,2021Q4,Dynamic ET,ITM,3184,0.8394469457888241,0.020085183121859293
SPY,2021Q4,Dynamic ET,deep_ITM,2645,0.8689284058508812,0.049241124491493295
SPY,2021Q4,ET-aug,deep_OTM,2893,0.983150382519331,0.01854089202212238
SPY,2021Q4,ET-aug,OTM,3736,0.8903892483058989,0.015798596084047024
SPY,2021Q4,ET-aug,ATM,2542,0.2728773947166704,0.02266525964594809
SPY,2021Q4,ET-aug,ITM,3184,0.8402617705510207,0.020013742744974874
SPY,2021Q4,ET-aug,deep_ITM,2645,0.8600173483195171,0.050072380862003704
SPY,2021Q4,BF-varsel,deep_OTM,2893,0.9840300312098409,0.01780685415247931
SPY,2021Q4,BF-varsel,OTM,3736,0.898838673988662,0.015033346304586775
SPY,2021Q4,BF-varsel,ATM,2542,0.3120792599643868,0.02234229707271177
SPY,2021Q4,BF-varsel,ITM,3184,0.8317711525012164,0.020497751162060283
SPY,2021Q4,BF-varsel,deep_ITM,2645,0.8624895975494882,0.049370479260302344
SPY,2021Q4,BF-corr,deep_OTM,2893,0.9745718807610202,0.02041205261166949
SPY,2021Q4,BF-corr,OTM,3736,0.9027939768671485,0.014480847368844082
SPY,2021Q4,BF-corr,ATM,2542,0.3899397524524385,0.0210267516783811
SPY,2021Q4,BF-corr,ITM,3184,0.8263620435595725,0.02069647199333901
SPY,2021Q4,BF-corr,deep_ITM,2645,0.8561688540310544,0.049474607629139404
SPY,2022Q1,Dynamic ET,deep_OTM,2858,0.9687683223058743,0.024453516175647186
SPY,2022Q1,Dynamic ET,OTM,4037,0.652929857678971,0.0345617866930889
SPY,2022Q1,Dynamic ET,ATM,2443,-1.5228993232774686,0.057231168280802255
SPY,2022Q1,Dynamic ET,ITM,3034,0.648060618923711,0.03966642399802241
SPY,2022Q1,Dynamic ET,deep_ITM,2628,0.859915694072583,0.057898000087518976
SPY,2022Q1,ET-aug,deep_OTM,2858,0.9672365792835395,0.025539235920223825
SPY,2022Q1,ET-aug,OTM,4037,0.6488787376338767,0.03492957882833785
SPY,2022Q1,ET-aug,ATM,2443,-1.5015270948884702,0.056917167507163295
SPY,2022Q1,ET-aug,ITM,3034,0.64488794863789,0.039840867198417916
SPY,2022Q1,ET-aug,deep_ITM,2628,0.8583669897438608,0.05804140199771686
SPY,2022Q1,BF-varsel,deep_OTM,2858,0.9708016276183449,0.02366880847860831
SPY,2022Q1,BF-varsel,OTM,4037,0.6739468608079678,0.033395226954908985
SPY,2022Q1,BF-varsel,ATM,2443,-1.451018364721592,0.05626087401623683
SPY,2022Q1,BF-varsel,ITM,3034,0.6521546199643822,0.03933324752362119
SPY,2022Q1,BF-varsel,deep_ITM,2628,0.8578592036727922,0.05848871950913236
SPY,2022Q1,BF-corr,deep_OTM,2858,0.9620991114894598,0.026360023712570197
SPY,2022Q1,BF-corr,OTM,4037,0.6831564194738922,0.03302439660621569
SPY,2022Q1,BF-corr,ATM,2443,-1.3349015454150353,0.05500819222053949
SPY,2022Q1,BF-corr,ITM,3034,0.6686508135914566,0.03825212823767865
SPY,2022Q1,BF-corr,deep_ITM,2628,0.8503004655237975,0.05892689100780718
SPY,2022Q2,Dynamic ET,deep_OTM,3150,0.9556568899785407,0.02750903279047615
SPY,2022Q2,Dynamic ET,OTM,3887,0.5775198709768483,0.04066674342423466
SPY,2022Q2,Dynamic ET,ATM,2080,-2.140743295320276,0.06859754210336537
SPY,2022Q2,Dynamic ET,ITM,2932,0.506092680448876,0.05071725990279678
SPY,2022Q2,Dynamic ET,deep_ITM,2951,0.8187049267956485,0.07314377789224007
SPY,2022Q2,ET-aug,deep_OTM,3150,0.9575999219969029,0.027630830898412635
SPY,2022Q2,ET-aug,OTM,3887,0.5917323466577697,0.0398713295806535
SPY,2022Q2,ET-aug,ATM,2080,-2.0803198228361994,0.06783769156490382
SPY,2022Q2,ET-aug,ITM,2932,0.5088632795741589,0.05059050735675313
SPY,2022Q2,ET-aug,deep_ITM,2951,0.8188913870332423,0.0728064089291767
SPY,2022Q2,BF-varsel,deep_OTM,3150,0.9518428543817452,0.02729705511923672
SPY,2022Q2,BF-varsel,OTM,3887,0.614241156028744,0.03854377030895363
SPY,2022Q2,BF-varsel,ATM,2080,-2.0134607704234426,0.06698562816161859
SPY,2022Q2,BF-varsel,ITM,2932,0.5066111277510807,0.05043218692303325
SPY,2022Q2,BF-varsel,deep_ITM,2951,0.8024540295071996,0.07519720045662502
SPY,2022Q2,BF-corr,deep_OTM,3150,0.9129826897918674,0.03436033442570582
SPY,2022Q2,BF-corr,OTM,3887,0.5507170890763299,0.04163341818839489
SPY,2022Q2,BF-corr,ATM,2080,-1.9214991820151681,0.06612576677920289
SPY,2022Q2,BF-corr,ITM,2932,0.5218138412390341,0.04956025098060579
SPY,2022Q2,BF-corr,deep_ITM,2951,0.7610903332208582,0.08212984067539904
SPY,2022Q3,Dynamic ET,deep_OTM,3261,0.9716631350973681,0.01798420701931935
SPY,2022Q3,Dynamic ET,OTM,3860,0.7847334575303286,0.0245325917512953
SPY,2022Q3,Dynamic ET,ATM,2125,-0.4958557481187378,0.03364676287058824
SPY,2022Q3,Dynamic ET,ITM,2931,0.6820576263942053,0.030294758584100998
SPY,2022Q3,Dynamic ET,deep_ITM,2823,0.8554863039727454,0.05936964183138516
SPY,2022Q3,ET-aug,deep_OTM,3261,0.9719914934134425,0.018551111082490107
SPY,2022Q3,ET-aug,OTM,3860,0.7719993026175382,0.02534750889378233
SPY,2022Q3,ET-aug,ATM,2125,-0.5694523047736484,0.034313839840000006
SPY,2022Q3,ET-aug,ITM,2931,0.6680182157499821,0.031094589321050865
SPY,2022Q3,ET-aug,deep_ITM,2823,0.8528575353488638,0.05881096014877804
SPY,2022Q3,BF-varsel,deep_OTM,3261,0.967161792921637,0.018358836222647643
SPY,2022Q3,BF-varsel,OTM,3860,0.8063937957232141,0.02332947063938261
SPY,2022Q3,BF-varsel,ATM,2125,-0.37669625826958186,0.032278711065882364
SPY,2022Q3,BF-varsel,ITM,2931,0.689288077225573,0.029856114618730816
SPY,2022Q3,BF-varsel,deep_ITM,2823,0.8534631878836559,0.05908697581827859
SPY,2022Q3,BF-corr,deep_OTM,3261,0.9279611565097445,0.022861286819923873
SPY,2022Q3,BF-corr,OTM,3860,0.7547805192826146,0.02550034257772641
SPY,2022Q3,BF-corr,ATM,2125,-0.46060705798500723,0.033281158701262664
SPY,2022Q3,BF-corr,ITM,2931,0.6883649268486997,0.03000386028304573
SPY,2022Q3,BF-corr,deep_ITM,2823,0.8531680581975315,0.059859033696536175
SPY,2022Q4,Dynamic ET,deep_OTM,3195,0.9829605505282037,0.01551809787793426
SPY,2022Q4,Dynamic ET,OTM,3916,0.8357804259471395,0.019815651453013255
SPY,2022Q4,Dynamic ET,ATM,2158,0.19108972180573502,0.026452221746987987
SPY,2022Q4,Dynamic ET,ITM,2900,0.7790265451305984,0.026926395844827547
SPY,2022Q4,Dynamic ET,deep_ITM,2831,0.8855602090392543,0.04994179605439769
SPY,2022Q4,ET-aug,deep_OTM,3195,0.9818910329121924,0.015889813884194085
SPY,2022Q4,ET-aug,OTM,3916,0.8353251299220622,0.0198976008529111
SPY,2022Q4,ET-aug,ATM,2158,0.18734645378297565,0.02651759074606121
SPY,2022Q4,ET-aug,ITM,2900,0.7720805974807169,0.027407412865517206
SPY,2022Q4,ET-aug,deep_ITM,2831,0.8875048731109929,0.04970325980219008
SPY,2022Q4,BF-varsel,deep_OTM,3195,0.984331021484339,0.015000279353805122
SPY,2022Q4,BF-varsel,OTM,3916,0.8502651393962339,0.018998417870274942
SPY,2022Q4,BF-varsel,ATM,2158,0.22250026876173878,0.025840772834414622
SPY,2022Q4,BF-varsel,ITM,2900,0.7807780681279273,0.026565275416746192
SPY,2022Q4,BF-varsel,deep_ITM,2831,0.8845055834495054,0.04906142685128929
SPY,2022Q4,BF-corr,deep_OTM,3195,0.9800243922368992,0.016323203220247287
SPY,2022Q4,BF-corr,OTM,3916,0.8423585705038517,0.01950850352721786
SPY,2022Q4,BF-corr,ATM,2158,0.17376462126748404,0.026612910911858675
SPY,2022Q4,BF-corr,ITM,2900,0.7387632624335372,0.02814951076732687
SPY,2022Q4,BF-corr,deep_ITM,2831,0.8699167442378741,0.051589654248082546
