fold,arm,d,max_features,M_blocks,r2,mae
2017Q1,base-7,7,1.0,9,0.8105795729279548,0.059534992050000006
2017Q1,DynET,15,0.6,9,0.8583312853539927,0.04789205535333333
2017Q1,aug@0.10,15,0.1,9,0.808371108161517,0.05896891652333334
2017Q1,aug@0.20,15,0.2,9,0.8574282636913781,0.049440867836666666
2017Q1,aug@0.30,15,0.3,9,0.8564462362782368,0.04952034782333333
2017Q1,aug@0.40,15,0.4,9,0.8576778946249926,0.04816022161333333
2017Q1,aug@0.50,15,0.5,9,0.8536327757638855,0.049270618363333324
2017Q1,aug@0.60,15,0.6,9,0.8583312853539927,0.04789205535333333
2017Q1,aug@0.70,15,0.7,9,0.8559293641952699,0.048261174713333334
2017Q1,aug@0.80,15,0.8,9,0.8565248602770021,0.04775197945333333
2017Q1,aug@0.90,15,0.9,9,0.8607282856101167,0.047067191973333325
2017Q1,aug@1.00,15,1.0,9,0.8557082981891974,0.048039051019999994
2017Q2,base-7,7,1.0,9,0.9241500318957184,0.027778239256666677
2017Q2,DynET,15,0.6,9,0.9211782026780619,0.027716231653333336
2017Q2,aug@0.10,15,0.1,9,0.8645680798280194,0.03511103821333334
2017Q2,aug@0.20,15,0.2,9,0.9256848652752901,0.027695132543333334
2017Q2,aug@0.30,15,0.3,9,0.9268256316374912,0.027429598809999997
2017Q2,aug@0.40,15,0.4,9,0.925483758746363,0.027364115630000005
2017Q2,aug@0.50,15,0.5,9,0.9261140318321349,0.02752724571
2017Q2,aug@0.60,15,0.6,9,0.9211782026780619,0.027716231653333336
2017Q2,aug@0.70,15,0.7,9,0.9216356034777496,0.027716771703333337
2017Q2,aug@0.80,15,0.8,9,0.9235234146656786,0.02765867297
2017Q2,aug@0.90,15,0.9,9,0.9214205427219342,0.027821852740000003
2017Q2,aug@1.00,15,1.0,9,0.9224234375157864,0.027807592010000003
2017Q3,base-7,7,1.0,9,0.9111322755806273,0.03514097819999999
2017Q3,DynET,15,0.6,9,0.9123297842047547,0.03477430453999999
2017Q3,aug@0.10,15,0.1,9,0.8853422498536849,0.036195791606666666
2017Q3,aug@0.20,15,0.2,9,0.9179986555289397,0.033510390286666664
2017Q3,aug@0.30,15,0.3,9,0.9187852786276078,0.03358475211333332
2017Q3,aug@0.40,15,0.4,9,0.9152617739328376,0.03420521567333332
2017Q3,aug@0.50,15,0.5,9,0.9143801419039057,0.03439243014666666
2017Q3,aug@0.60,15,0.6,9,0.9123297842047547,0.03477430453999998
2017Q3,aug@0.70,15,0.7,9,0.9114094517031429,0.03488602801333331
2017Q3,aug@0.80,15,0.8,9,0.9095796006590129,0.03499822012666665
2017Q3,aug@0.90,15,0.9,9,0.9099683444044528,0.03508759973333332
2017Q3,aug@1.00,15,1.0,9,0.9079912425728641,0.03532286297333333
2017Q4,base-7,7,1.0,9,0.9158778167713995,0.030803971636666667
2017Q4,DynET,15,0.6,9,0.9256617035084009,0.02971470965666666
2017Q4,aug@0.10,15,0.1,9,0.8824375758704284,0.03634373897666667
2017Q4,aug@0.20,15,0.2,9,0.921915887082295,0.03027575500333333
2017Q4,aug@0.30,15,0.3,9,0.9246759901980752,0.030073565529999995
2017Q4,aug@0.40,15,0.4,9,0.9252855804687589,0.029593571586666666
2017Q4,aug@0.50,15,0.5,9,0.9265930273637402,0.029523132176666668
2017Q4,aug@0.60,15,0.6,9,0.9256617035084009,0.02971470965666666
2017Q4,aug@0.70,15,0.7,9,0.9259608255368469,0.029728560583333338
2017Q4,aug@0.80,15,0.8,9,0.9259890033411626,0.029562080143333332
2017Q4,aug@0.90,15,0.9,9,0.9262375004699218,0.029656238619999994
2017Q4,aug@1.00,15,1.0,9,0.9240441608785412,0.02984672392
2018Q1,base-7,7,1.0,8,0.9024661447449761,0.03600621872666667
2018Q1,DynET,15,0.5333333333333333,8,0.9079660078954628,0.034851439533333334
2018Q1,aug@0.10,15,0.1,8,0.8503688094244765,0.03968220512
2018Q1,aug@0.20,15,0.2,8,0.8986163203788413,0.035417904166666674
2018Q1,aug@0.30,15,0.3,8,0.9065957420603339,0.03480065404666667
2018Q1,aug@0.40,15,0.4,8,0.9056261805184627,0.03497652164000001
2018Q1,aug@0.50,15,0.5,8,0.9080809055140906,0.03488266197333335
2018Q1,aug@0.60,15,0.6,8,0.9094157433740061,0.03479582145333334
2018Q1,aug@0.70,15,0.7,8,0.9088077083318563,0.03485974756000001
2018Q1,aug@0.80,15,0.8,8,0.9063621828450033,0.03511442068000001
2018Q1,aug@0.90,15,0.9,8,0.9088652684020899,0.03489107732666667
2018Q1,aug@1.00,15,1.0,8,0.9103316506046998,0.03479027984666667
2018Q2,base-7,7,1.0,8,0.9413845355677465,0.03128031435333332
2018Q2,DynET,15,0.5333333333333333,8,0.9373847011850578,0.030929845866666653
2018Q2,aug@0.10,15,0.1,8,0.9017521888321546,0.038990103079999984
2018Q2,aug@0.20,15,0.2,8,0.9350678954207305,0.032003421273333325
2018Q2,aug@0.30,15,0.3,8,0.9367770831507825,0.031414171619999987
2018Q2,aug@0.40,15,0.4,8,0.933953047786481,0.031224671593333322
2018Q2,aug@0.50,15,0.5,8,0.9381252401896625,0.030882969639999994
2018Q2,aug@0.60,15,0.6,8,0.9379806520983314,0.03074719737999999
2018Q2,aug@0.70,15,0.7,8,0.9355197194255603,0.03102599918666666
2018Q2,aug@0.80,15,0.8,8,0.9357584844623092,0.030982209039999986
2018Q2,aug@0.90,15,0.9,8,0.9361039123072091,0.03077833035333332
2018Q2,aug@1.00,15,1.0,8,0.9373004946789822,0.030657492139999992
2018Q3,base-7,7,1.0,7,0.924198172213648,0.035390490986666655
2018Q3,DynET,15,0.4666666666666667,7,0.9317792848741697,0.031994734840000004
2018Q3,aug@0.10,15,0.1,7,0.8783167312603373,0.04046491098666665
2018Q3,aug@0.20,15,0.2,7,0.9275061529631472,0.03277342625333333
2018Q3,aug@0.30,15,0.3,7,0.928862937888456,0.03255419488666666
2018Q3,aug@0.40,15,0.4,7,0.9327612834627016,0.03151562779333333
2018Q3,aug@0.50,15,0.5,7,0.9317792848741697,0.031994734840000004
2018Q3,aug@0.60,15,0.6,7,0.9306120845842827,0.03177653228666666
2018Q3,aug@0.70,15,0.7,7,0.9296165620130009,0.03229931462
2018Q3,aug@0.80,15,0.8,7,0.9316398234810582,0.03221752374666666
2018Q3,aug@0.90,15,0.9,7,0.9296902775052521,0.032248465946666666
2018Q3,aug@1.00,15,1.0,7,0.9307905878197594,0.032389542313333325
2018Q4,base-7,7,1.0,7,0.826907675484203,0.06475138187333333
2018Q4,DynET,15,0.4666666666666667,7,0.8437600846366414,0.06270485875333334
2018Q4,aug@0.10,15,0.1,7,0.7982506719307945,0.06571914725333333
2018Q4,aug@0.20,15,0.2,7,0.8400260134234452,0.06287754856
2018Q4,aug@0.30,15,0.3,7,0.8429379936778788,0.06275791164
2018Q4,aug@0.40,15,0.4,7,0.8439049844809767,0.06268473144666667
2018Q4,aug@0.50,15,0.5,7,0.8437600846366414,0.06270485875333334
2018Q4,aug@0.60,15,0.6,7,0.8442271464444351,0.06256130166
2018Q4,aug@0.70,15,0.7,7,0.8450344290196067,0.06252476559333334
2018Q4,aug@0.80,15,0.8,7,0.8452591426840802,0.06264375018666667
2018Q4,aug@0.90,15,0.9,7,0.844355068669132,0.06273242736
2018Q4,aug@1.00,15,1.0,7,0.8431563951934692,0.06283880476666667
2019Q1,base-7,7,1.0,7,0.9299219857691896,0.03914770135666666
2019Q1,DynET,15,0.4666666666666667,7,0.9376461979325623,0.03581937805
2019Q1,aug@0.10,15,0.1,7,0.891511694063357,0.04141370716333333
2019Q1,aug@0.20,15,0.2,7,0.9358650343103376,0.034574511829999995
2019Q1,aug@0.30,15,0.3,7,0.9380398197165284,0.034488775283333335
2019Q1,aug@0.40,15,0.4,7,0.9371643681197314,0.03542466230333334
2019Q1,aug@0.50,15,0.5,7,0.9376461979325623,0.03581937805
2019Q1,aug@0.60,15,0.6,7,0.9360271575183242,0.03650178520333333
2019Q1,aug@0.70,15,0.7,7,0.9360232088541034,0.03676908076333334
2019Q1,aug@0.80,15,0.8,7,0.932710373843643,0.03751752521
2019Q1,aug@0.90,15,0.9,7,0.9350733135812968,0.03737240298333333
2019Q1,aug@1.00,15,1.0,7,0.9337984535856687,0.03775079176666666
2019Q2,base-7,7,1.0,7,0.9205298297414468,0.037335095166666665
2019Q2,DynET,15,0.4666666666666667,7,0.918606580268425,0.0372084161
2019Q2,aug@0.10,15,0.1,7,0.8862416135876735,0.039771710679999996
2019Q2,aug@0.20,15,0.2,7,0.917916046033376,0.0367758535
2019Q2,aug@0.30,15,0.3,7,0.9193340331154001,0.03675575906
2019Q2,aug@0.40,15,0.4,7,0.9186761393100855,0.037081138746666666
2019Q2,aug@0.50,15,0.5,7,0.918606580268425,0.0372084161
2019Q2,aug@0.60,15,0.6,7,0.9188527532784101,0.037391241879999995
2019Q2,aug@0.70,15,0.7,7,0.9182601888339891,0.03749382568666666
2019Q2,aug@0.80,15,0.8,7,0.9187939528664415,0.03749465094666667
2019Q2,aug@0.90,15,0.9,7,0.9182338039485162,0.037691622513333335
2019Q2,aug@1.00,15,1.0,7,0.9173074466255854,0.037784903960000005
2019Q3,base-7,7,1.0,7,0.9145753214108152,0.03169992496666666
2019Q3,DynET,15,0.4666666666666667,7,0.9207518975049391,0.030359827199999995
2019Q3,aug@0.10,15,0.1,7,0.8940195208356819,0.031811913909999996
2019Q3,aug@0.20,15,0.2,7,0.9207651293827829,0.029618571509999997
2019Q3,aug@0.30,15,0.3,7,0.9213918930015648,0.02976438353333333
2019Q3,aug@0.40,15,0.4,7,0.9209851993254535,0.03019523664999999
2019Q3,aug@0.50,15,0.5,7,0.9207518975049391,0.030359827199999995
2019Q3,aug@0.60,15,0.6,7,0.9189246185815353,0.030602212043333334
2019Q3,aug@0.70,15,0.7,7,0.9193481480245,0.03069418353333333
2019Q3,aug@0.80,15,0.8,7,0.9191492136568855,0.030896339283333327
2019Q3,aug@0.90,15,0.9,7,0.9193541155449425,0.03080356878333333
2019Q3,aug@1.00,15,1.0,7,0.9181248351200302,0.031022315946666663
2019Q4,base-7,7,1.0,7,0.9096495324780988,0.033827651386666664
2019Q4,DynET,15,0.4666666666666667,7,0.9141158715181595,0.03377119249333334
2019Q4,aug@0.10,15,0.1,7,0.8378402653612642,0.0386119996
2019Q4,aug@0.20,15,0.2,7,0.9094247570774813,0.03335699104666666
2019Q4,aug@0.30,15,0.3,7,0.9139936261240991,0.032979031373333335
2019Q4,aug@0.40,15,0.4,7,0.9156724413553279,0.03331317752
2019Q4,aug@0.50,15,0.5,7,0.9141158715181595,0.03377119249333334
2019Q4,aug@0.60,15,0.6,7,0.9109803043472182,0.03441802189333333
2019Q4,aug@0.70,15,0.7,7,0.9124137255374012,0.03408671997333333
2019Q4,aug@0.80,15,0.8,7,0.9121228373017449,0.033963326419999995
2019Q4,aug@0.90,15,0.9,7,0.9121579481551388,0.03409138058666667
2019Q4,aug@1.00,15,1.0,7,0.9122724366636922,0.03399949359333333
2020Q1,base-7,7,1.0,7,0.5980323005474506,0.10084584055333333
2020Q1,DynET,15,0.4666666666666667,7,0.6308110692393124,0.09637199954
2020Q1,aug@0.10,15,0.1,7,0.5455424836352513,0.10541138505333333
2020Q1,aug@0.20,15,0.2,7,0.6200046800981178,0.09718595219333333
2020Q1,aug@0.30,15,0.3,7,0.6282084174877057,0.09647687472
2020Q1,aug@0.40,15,0.4,7,0.6321852381440536,0.09598145425999999
2020Q1,aug@0.50,15,0.5,7,0.6308110692393124,0.09637199954
2020Q1,aug@0.60,15,0.6,7,0.6268699661319903,0.09685481329333334
2020Q1,aug@0.70,15,0.7,7,0.6273589389654248,0.09678326477333332
2020Q1,aug@0.80,15,0.8,7,0.6281425203669257,0.09689587684
2020Q1,aug@0.90,15,0.9,7,0.6275861845552273,0.09701372118
2020Q1,aug@1.00,15,1.0,7,0.6268262366284278,0.09701388618666668
2020Q2,base-7,7,1.0,7,0.8566756695428663,0.06291516283333334
2020Q2,DynET,15,0.4666666666666667,7,0.8674988855940318,0.06307127706666668
2020Q2,aug@0.10,15,0.1,7,0.8119228761846111,0.06351802712000001
2020Q2,aug@0.20,15,0.2,7,0.8610225042269999,0.06157092166
2020Q2,aug@0.30,15,0.3,7,0.8615276127836283,0.06275438353333336
2020Q2,aug@0.40,15,0.4,7,0.8650943408952334,0.06303363786
2020Q2,aug@0.50,15,0.5,7,0.8674988855940318,0.06307127706666668
2020Q2,aug@0.60,15,0.6,7,0.8627720319076694,0.06335096750000001
2020Q2,aug@0.70,15,0.7,7,0.8653730352932139,0.06346852588000002
2020Q2,aug@0.80,15,0.8,7,0.8637347135482201,0.06332793135333334
2020Q2,aug@0.90,15,0.9,7,0.860246039346216,0.06369800955333335
2020Q2,aug@1.00,15,1.0,7,0.8599197887318167,0.06352870237333334
2020Q3,base-7,7,1.0,7,0.7686220381862436,0.09243782190000001
2020Q3,DynET,15,0.4666666666666667,7,0.7631173620684963,0.09514647389333333
2020Q3,aug@0.10,15,0.1,7,0.6971819833441032,0.09430455334666668
2020Q3,aug@0.20,15,0.2,7,0.7755337288054297,0.09159455329333333
2020Q3,aug@0.30,15,0.3,7,0.7725791000867857,0.09331992945333334
2020Q3,aug@0.40,15,0.4,7,0.7642775364980061,0.0948565807
2020Q3,aug@0.50,15,0.5,7,0.7631173620684963,0.09514647389333333
2020Q3,aug@0.60,15,0.6,7,0.7560970269106806,0.09616466840666667
2020Q3,aug@0.70,15,0.7,7,0.7594185017877045,0.09565721596666667
2020Q3,aug@0.80,15,0.8,7,0.7533334563277384,0.09614989402000002
2020Q3,aug@0.90,15,0.9,7,0.7515357173963688,0.09666962013333334
2020Q3,aug@1.00,15,1.0,7,0.7517376831310276,0.09629169559333334
2020Q4,base-7,7,1.0,8,0.6857942619758692,0.09468800552000003
2020Q4,DynET,15,0.5333333333333333,8,0.7153238245352995,0.08811079418666667
2020Q4,aug@0.10,15,0.1,8,0.7366077744435996,0.07511712947333334
2020Q4,aug@0.20,15,0.2,8,0.7433591922831477,0.080341651
2020Q4,aug@0.30,15,0.3,8,0.7427050344048318,0.08191790684666668
2020Q4,aug@0.40,15,0.4,8,0.726450167038639,0.08586014696666669
2020Q4,aug@0.50,15,0.5,8,0.7204453034036886,0.08731843808
2020Q4,aug@0.60,15,0.6,8,0.7120914608535505,0.08935890407333336
2020Q4,aug@0.70,15,0.7,8,0.7062684103791805,0.09038073687333335
2020Q4,aug@0.80,15,0.8,8,0.7029237582499923,0.09132156738000002
2020Q4,aug@0.90,15,0.9,8,0.700762264100885,0.09176358914000002
2020Q4,aug@1.00,15,1.0,8,0.69727185709657,0.09240569228000003
