fold,region,arm,n,M_blocks,r2,mae
2017Q1,deep_OTM,base-7,3112,9,0.9460850201124342,0.02675084528706083
2017Q1,deep_OTM,aug@1.00,3112,9,0.9492366549399608,0.026390793766066827
2017Q1,deep_OTM,DynET,3112,9,0.9479214131336369,0.027383166388174802
2017Q1,OTM,base-7,1910,9,-0.5059738165452774,0.06529525258289705
2017Q1,OTM,aug@1.00,1910,9,0.18392728368104205,0.04510084520069807
2017Q1,OTM,DynET,1910,9,0.17784803229703927,0.04556019291448517
2017Q1,ATM,base-7,1143,9,-2.9284131737014176,0.10773089769612132
2017Q1,ATM,aug@1.00,1143,9,-1.2078240618786218,0.07548106719160101
2017Q1,ATM,DynET,1143,9,-1.0077173516634095,0.07030647290755324
2017Q1,ITM,base-7,1796,9,-0.1173943602193055,0.07318742876763182
2017Q1,ITM,aug@1.00,1796,9,0.286979658802585,0.05116226985894581
2017Q1,ITM,DynET,1796,9,0.29036091954348076,0.05152728994060876
2017Q1,deep_ITM,base-7,2039,9,0.846030211681611,0.06513306493379105
2017Q1,deep_ITM,aug@1.00,2039,9,0.841933838577563,0.0656976209906817
2017Q1,deep_ITM,DynET,2039,9,0.843957503822528,0.06561101520353112
2017Q2,deep_OTM,base-7,3459,9,0.9768896162354886,0.016078484475281898
2017Q2,deep_OTM,aug@1.00,3459,9,0.9797705130529758,0.015501121807844284
2017Q2,deep_OTM,DynET,3459,9,0.9805610803637882,0.015512123503902872
2017Q2,OTM,base-7,1772,9,0.761787535339951,0.018548079533483825
2017Q2,OTM,aug@1.00,1772,9,0.7769520145452543,0.01826014183596689
2017Q2,OTM,DynET,1772,9,0.779124570928579,0.01796662481188863
2017Q2,ATM,base-7,982,9,-0.20923065800790352,0.026073454378818733
2017Q2,ATM,aug@1.00,982,9,-0.2854704620983859,0.027192506313645615
2017Q2,ATM,DynET,982,9,-0.25079710880068284,0.026877216564833675
2017Q2,ITM,base-7,1572,9,0.7685384445045633,0.026095005279898213
2017Q2,ITM,aug@1.00,1572,9,0.7894241945184448,0.024362694974554712
2017Q2,ITM,DynET,1572,9,0.8110580047551845,0.023878055916030535
2017Q2,deep_ITM,base-7,2215,9,0.8813197161701544,0.055383402859292705
2017Q2,deep_ITM,aug@1.00,2215,9,0.875311685216835,0.057381205748683224
2017Q2,deep_ITM,DynET,2215,9,0.8710095229612018,0.0576701090744921
2017Q3,deep_OTM,base-7,3453,9,0.9693929458297887,0.024214082401776214
2017Q3,deep_OTM,aug@1.00,3453,9,0.9683288334933835,0.024017878636934054
2017Q3,deep_OTM,DynET,3453,9,0.9681635065060714,0.023556344512018518
2017Q3,OTM,base-7,1836,9,0.45242564909604177,0.030541782425562814
2017Q3,OTM,aug@1.00,1836,9,0.393293326454234,0.030836903086419745
2017Q3,OTM,DynET,1836,9,0.43277007783717514,0.03045515090777051
2017Q3,ATM,base-7,869,9,-1.0973117305278048,0.037782653317990036
2017Q3,ATM,aug@1.00,869,9,-1.1030496037325714,0.037742506482546984
2017Q3,ATM,DynET,869,9,-1.1164690116862261,0.03777954330648254
2017Q3,ITM,base-7,1725,9,0.7165558838906887,0.03389180085024156
2017Q3,ITM,aug@1.00,1725,9,0.7117967315994511,0.033939352579710154
2017Q3,ITM,DynET,1725,9,0.7242944507594504,0.033509305391304346
2017Q3,deep_ITM,base-7,2117,9,0.8784048527238874,0.05688585769170208
2017Q3,deep_ITM,aug@1.00,2117,9,0.8744113702012251,0.05778683013698628
2017Q3,deep_ITM,DynET,2117,9,0.8814807644826944,0.05661471695795937
2017Q4,deep_OTM,base-7,3420,9,0.9826464838496888,0.015963835808966848
2017Q4,deep_OTM,aug@1.00,3420,9,0.986691092688013,0.014753128713450291
2017Q4,deep_OTM,DynET,3420,9,0.9866656054036133,0.014928377446393748
2017Q4,OTM,base-7,1803,9,0.6683499792347434,0.023914077518949882
2017Q4,OTM,aug@1.00,1803,9,0.689265295477937,0.023127573488630062
2017Q4,OTM,DynET,1803,9,0.6913772433445675,0.02307170493621741
2017Q4,ATM,base-7,831,9,0.03879331941679531,0.034473428078620125
2017Q4,ATM,aug@1.00,831,9,0.037463853959398996,0.03471296117127958
2017Q4,ATM,DynET,831,9,0.06146759993280926,0.034226599117529066
2017Q4,ITM,base-7,1592,9,0.770231682728467,0.028547392336683408
2017Q4,ITM,aug@1.00,1592,9,0.7670665037070712,0.028635602386934664
2017Q4,ITM,DynET,1592,9,0.7764023777307263,0.02848480525544389
2017Q4,deep_ITM,base-7,2354,9,0.8709634273890349,0.05787232319456246
2017Q4,deep_ITM,aug@1.00,2354,9,0.8844889526441709,0.05602301370716512
2017Q4,deep_ITM,DynET,2354,9,0.886967724840774,0.05552406451430191
2018Q1,deep_OTM,base-7,3348,8,0.9648031621025241,0.02291273813221826
2018Q1,deep_OTM,aug@1.00,3348,8,0.97915737223871,0.019597435404221434
2018Q1,deep_OTM,DynET,3348,8,0.9764774357726369,0.019613633094384714
2018Q1,OTM,base-7,1759,8,0.5849727020335294,0.02833394303581579
2018Q1,OTM,aug@1.00,1759,8,0.5702743635935495,0.028441641766155008
2018Q1,OTM,DynET,1759,8,0.5488322654155591,0.028762907409512976
2018Q1,ATM,base-7,826,8,-0.1802392679382303,0.03675909644874899
2018Q1,ATM,aug@1.00,826,8,-0.1675234633832774,0.03628761743341404
2018Q1,ATM,DynET,826,8,-0.23015814220623065,0.03632097610976593
2018Q1,ITM,base-7,1593,8,0.7243858418589724,0.03017464314710191
2018Q1,ITM,aug@1.00,1593,8,0.7120892252838165,0.03106609265536724
2018Q1,ITM,DynET,1593,8,0.7150801561814291,0.030694279640092074
2018Q1,deep_ITM,base-7,2474,8,0.86627831348703,0.06268379708973323
2018Q1,deep_ITM,aug@1.00,2474,8,0.8739190757257854,0.06176227941255726
2018Q1,deep_ITM,DynET,2474,8,0.8717919687663659,0.06198742274319593
2018Q2,deep_OTM,base-7,3519,8,0.9806638081950296,0.021462272160651687
2018Q2,deep_OTM,aug@1.00,3519,8,0.986140827415329,0.018790675286539726
2018Q2,deep_OTM,DynET,3519,8,0.9858290374370935,0.019169458444633875
2018Q2,OTM,base-7,1730,8,0.7054025446746364,0.025636087360308275
2018Q2,OTM,aug@1.00,1730,8,0.7057204491203652,0.02515582944123314
2018Q2,OTM,DynET,1730,8,0.6941114693576832,0.025662932485549135
2018Q2,ATM,base-7,847,8,0.4486620184589336,0.0265427750491932
2018Q2,ATM,aug@1.00,847,8,0.44733445387358406,0.027284305706414796
2018Q2,ATM,DynET,847,8,0.4209656859063253,0.028191057772530496
2018Q2,ITM,base-7,1616,8,0.7941027620692334,0.0305830665841584
2018Q2,ITM,aug@1.00,1616,8,0.7991109624801589,0.03022644463696369
2018Q2,ITM,DynET,1616,8,0.7975798531352152,0.030679948391089104
2018Q2,deep_ITM,base-7,2288,8,0.9194679708706627,0.05289467246503495
2018Q2,deep_ITM,aug@1.00,2288,8,0.909103343845378,0.05462203175990675
2018Q2,deep_ITM,DynET,2288,8,0.9098652667527578,0.054190401515151504
2018Q3,deep_OTM,base-7,3346,7,0.968114784885559,0.025150997051205423
2018Q3,deep_OTM,aug@1.00,3346,7,0.9779371762848049,0.02139105174337517
2018Q3,deep_OTM,DynET,3346,7,0.9774383949173854,0.02118075987248456
2018Q3,OTM,base-7,1933,7,0.5394295015203479,0.02961097730643214
2018Q3,OTM,aug@1.00,1933,7,0.5978863350324387,0.02748028949818934
2018Q3,OTM,DynET,1933,7,0.6117633922043457,0.026751344024831866
2018Q3,ATM,base-7,998,7,-0.29204464062520974,0.03524258797595188
2018Q3,ATM,aug@1.00,998,7,-0.30813007672209425,0.035297150434201716
2018Q3,ATM,DynET,998,7,-0.21914354379520518,0.03372567601870406
2018Q3,ITM,base-7,1627,7,0.7122686527521463,0.034114919893464456
2018Q3,ITM,aug@1.00,1627,7,0.7903656186434425,0.02963786400327801
2018Q3,ITM,DynET,1627,7,0.7926393542023933,0.02911533321040771
2018Q3,deep_ITM,base-7,2096,7,0.8939138661747208,0.058127183746819314
2018Q3,deep_ITM,aug@1.00,2096,7,0.8974705004558984,0.05522624214376589
2018Q3,deep_ITM,DynET,2096,7,0.8986701054881567,0.05550443991730279
2018Q4,deep_OTM,base-7,3649,7,0.8929394205934867,0.04533533422855577
2018Q4,deep_OTM,aug@1.00,3649,7,0.9162810846444908,0.04328048919338631
2018Q4,deep_OTM,DynET,3649,7,0.9180546724029923,0.04288979813647575
2018Q4,OTM,base-7,1642,7,-0.48586309972759945,0.07144330219244825
2018Q4,OTM,aug@1.00,1642,7,-0.3191573069948517,0.0681093203410475
2018Q4,OTM,DynET,1642,7,-0.34437578983209827,0.06860668867235079
2018Q4,ATM,base-7,886,7,-1.6112667596671906,0.08806423513920245
2018Q4,ATM,aug@1.00,886,7,-1.3424644217321546,0.08435226538750941
2018Q4,ATM,DynET,886,7,-1.352129865660452,0.08465012279909709
2018Q4,ITM,base-7,1601,7,0.22295220110381075,0.07369652209036019
2018Q4,ITM,aug@1.00,1601,7,0.25420291850323307,0.07286662515094733
2018Q4,ITM,DynET,1601,7,0.25406471167952893,0.07290034141161773
2018Q4,deep_ITM,base-7,2222,7,0.8742348391489252,0.07595060204020403
2018Q4,deep_ITM,aug@1.00,2222,7,0.8808025038218541,0.07525943501350137
2018Q4,deep_ITM,DynET,2222,7,0.8819734691997402,0.07478761293129312
2019Q1,deep_OTM,base-7,3918,7,0.9760806077661862,0.024142864182406
2019Q1,deep_OTM,aug@1.00,3918,7,0.9797965768778314,0.02256407139697125
2019Q1,deep_OTM,DynET,3918,7,0.9810701476731066,0.021372292700357343
2019Q1,OTM,base-7,1689,7,0.549075635711441,0.03586132350503254
2019Q1,OTM,aug@1.00,1689,7,0.5996423494667984,0.03363145064140516
2019Q1,OTM,DynET,1689,7,0.6640418169839424,0.03015303232682059
2019Q1,ATM,base-7,733,7,0.17247929246324678,0.04017365957253297
2019Q1,ATM,aug@1.00,733,7,0.25391536034498596,0.03827498690313781
2019Q1,ATM,DynET,733,7,0.3588803368972373,0.035492237426102774
2019Q1,ITM,base-7,1529,7,0.7349053222668662,0.041119341944626124
2019Q1,ITM,aug@1.00,1529,7,0.7545238484226663,0.03955505947242207
2019Q1,ITM,DynET,1529,7,0.7769138787832437,0.03748802332679311
2019Q1,deep_ITM,base-7,2131,7,0.9080580170822589,0.06757237447207884
2019Q1,deep_ITM,aug@1.00,2131,7,0.9109649759297473,0.06746274728609415
2019Q1,deep_ITM,DynET,2131,7,0.9143604196955432,0.06578773740028153
2019Q2,deep_OTM,base-7,3387,7,0.9742141026973956,0.025095835901978152
2019Q2,deep_OTM,aug@1.00,3387,7,0.9758291885023342,0.02457214331266609
2019Q2,deep_OTM,DynET,3387,7,0.9775967914604451,0.023666833421907292
2019Q2,OTM,base-7,1732,7,0.44050716345751595,0.030428211778290977
2019Q2,OTM,aug@1.00,1732,7,0.4339434509471378,0.03062452220939183
2019Q2,OTM,DynET,1732,7,0.45421147974469767,0.02989748929946111
2019Q2,ATM,base-7,923,7,-0.2730025680012176,0.033687362007945094
2019Q2,ATM,aug@1.00,923,7,-0.2770999065244957,0.034157718671000356
2019Q2,ATM,DynET,923,7,-0.27282512648630064,0.03395153376670277
2019Q2,ITM,base-7,1695,7,0.7844795293738797,0.030267873510324488
2019Q2,ITM,aug@1.00,1695,7,0.772488763344263,0.03134228743362832
2019Q2,ITM,DynET,1695,7,0.7757388683446256,0.031080907138643067
2019Q2,deep_ITM,base-7,2263,7,0.8867307898928795,0.06772081835321844
2019Q2,deep_ITM,aug@1.00,2263,7,0.880624121942907,0.06934545567830314
2019Q2,deep_ITM,DynET,2263,7,0.8818021006254815,0.0689892803652968
2019Q3,deep_OTM,base-7,3206,7,0.9651803664302054,0.02433412005614473
2019Q3,deep_OTM,aug@1.00,3206,7,0.9690243857722503,0.023309293980037435
2019Q3,deep_OTM,DynET,3206,7,0.9704682532018203,0.022510833770014557
2019Q3,OTM,base-7,1897,7,0.62658204308245,0.024446962590054477
2019Q3,OTM,aug@1.00,1897,7,0.6251508774121601,0.024398150360217894
2019Q3,OTM,DynET,1897,7,0.636169796861007,0.024021626989984186
2019Q3,ATM,base-7,938,7,-0.24552420265557995,0.03026223980099501
2019Q3,ATM,aug@1.00,938,7,-0.25570190182781993,0.030090436815920385
2019Q3,ATM,DynET,938,7,-0.18492291505433722,0.0294325501066098
2019Q3,ITM,base-7,1751,7,0.7747344026387297,0.02895771776127927
2019Q3,ITM,aug@1.00,1751,7,0.7831037243631591,0.028235004188083005
2019Q3,ITM,DynET,1751,7,0.786610124188206,0.027817908852084527
2019Q3,deep_ITM,base-7,2208,7,0.8794912131356392,0.051411788043478256
2019Q3,deep_ITM,aug@1.00,2208,7,0.8842249043560745,0.05051899894323669
2019Q3,deep_ITM,DynET,2208,7,0.8877447610176057,0.049611694806763265
2019Q4,deep_OTM,base-7,3049,7,0.975708014308286,0.019318551612550573
2019Q4,deep_OTM,aug@1.00,3049,7,0.9747005560188842,0.01971473149666558
2019Q4,deep_OTM,DynET,3049,7,0.977862231498629,0.01894450442768121
2019Q4,OTM,base-7,1849,7,0.5614999490140009,0.029541893816477354
2019Q4,OTM,aug@1.00,1849,7,0.5455954993486698,0.030012253975121674
2019Q4,OTM,DynET,1849,7,0.5503689209580993,0.03000512529295114
2019Q4,ATM,base-7,1011,7,-0.3086853583733844,0.03965914592812398
2019Q4,ATM,aug@1.00,1011,7,-0.3952454780844177,0.04072707576656776
2019Q4,ATM,DynET,1011,7,-0.43280717318962036,0.04129436676557863
2019Q4,ITM,base-7,1642,7,0.6304975623045121,0.036511001136825004
2019Q4,ITM,aug@1.00,1642,7,0.6251907506883474,0.03642412030044661
2019Q4,ITM,DynET,1642,7,0.6016873070734531,0.037864719082419805
2019Q4,deep_ITM,base-7,2449,7,0.8851536512871585,0.050920713733496666
2019Q4,deep_ITM,aug@1.00,2449,7,0.8917980386104151,0.05039141807540493
2019Q4,deep_ITM,DynET,2449,7,0.8954378070922882,0.049223430270858855
2020Q1,deep_OTM,base-7,3485,7,0.6523515856053441,0.0886456901004304
2020Q1,deep_OTM,aug@1.00,3485,7,0.7031543946919234,0.08154345461501675
2020Q1,deep_OTM,DynET,3485,7,0.7125168779195821,0.07950562456241032
2020Q1,OTM,base-7,1503,7,-0.3680482422128033,0.10753711936127743
2020Q1,OTM,aug@1.00,1503,7,-0.3041374123220233,0.1055498894655134
2020Q1,OTM,DynET,1503,7,-0.3162565075505517,0.10626890392548236
2020Q1,ATM,base-7,782,7,-0.5536736848572112,0.12855648346121057
2020Q1,ATM,aug@1.00,782,7,-0.5149760106692551,0.1277241399829497
2020Q1,ATM,DynET,782,7,-0.5206689267332698,0.12786364671781758
2020Q1,ITM,base-7,1396,7,-0.11985908359850805,0.11059315276981854
2020Q1,ITM,aug@1.00,1396,7,-0.11395334991404416,0.11093074078319007
2020Q1,ITM,DynET,1396,7,-0.12190772192992538,0.11157337459407833
2020Q1,deep_ITM,base-7,2834,7,0.7688386093018096,0.09985203733239235
2020Q1,deep_ITM,aug@1.00,2834,7,0.7843013575821919,0.09618166798400375
2020Q1,deep_ITM,DynET,2834,7,0.7888654694032908,0.09568628388614442
2020Q2,deep_OTM,base-7,3386,7,0.8830329677538001,0.05724914303996848
2020Q2,deep_OTM,aug@1.00,3386,7,0.8900896082518163,0.05909228773380587
2020Q2,deep_OTM,DynET,3386,7,0.8939356159215515,0.058301674069698765
2020Q2,OTM,base-7,1509,7,0.2902505351971433,0.05099056240335764
2020Q2,OTM,aug@1.00,1509,7,0.2717767914871263,0.05134762703777336
2020Q2,OTM,DynET,1509,7,0.2633570638163185,0.05151124285398719
2020Q2,ATM,base-7,826,7,-0.10349181452297196,0.054988970298627926
2020Q2,ATM,aug@1.00,826,7,-0.14196993695891225,0.05560815407586765
2020Q2,ATM,DynET,826,7,-0.15760606124300436,0.05575596690879744
2020Q2,ITM,base-7,1452,7,0.4756668452927575,0.052500916896235095
2020Q2,ITM,aug@1.00,1452,7,0.41150071036855385,0.05424871781450874
2020Q2,ITM,DynET,1452,7,0.3593831858824573,0.055885807759412306
2020Q2,deep_ITM,base-7,2827,7,0.8489930223763905,0.08373153538497821
2020Q2,deep_ITM,aug@1.00,2827,7,0.853377252311251,0.08242500698030897
2020Q2,deep_ITM,DynET,2827,7,0.8661734435069279,0.08078253104586727
2020Q3,deep_OTM,base-7,3367,7,0.7414822460261716,0.08499461011781011
2020Q3,deep_OTM,aug@1.00,3367,7,0.7488229846438674,0.08607869927729926
2020Q3,deep_OTM,DynET,3367,7,0.7463607779880312,0.08679227139887138
2020Q3,OTM,base-7,1403,7,-0.6829395957932645,0.08396137885483489
2020Q3,OTM,aug@1.00,1403,7,-0.8025886929892987,0.08866160099786172
2020Q3,OTM,DynET,1403,7,-0.7369773991666306,0.08744588619624613
2020Q3,ATM,base-7,758,7,-1.295575440270078,0.08771067766051016
2020Q3,ATM,aug@1.00,758,7,-1.6882218684465493,0.09457463570800353
2020Q3,ATM,DynET,758,7,-1.450325887217633,0.0910905896218118
2020Q3,ITM,base-7,1376,7,-0.9244195325191191,0.08568633246124031
2020Q3,ITM,aug@1.00,1376,7,-1.1689874667308238,0.09191116031976745
2020Q3,ITM,DynET,1376,7,-1.0224093320813918,0.08922006346899225
2020Q3,deep_ITM,base-7,3096,7,0.8211932619929057,0.10853180396210166
2020Q3,deep_ITM,aug@1.00,3096,7,0.8033690973515031,0.11322364948320415
2020Q3,deep_ITM,DynET,3096,7,0.815480925133174,0.11134854926787251
2020Q4,deep_OTM,base-7,3161,8,0.81589739822835,0.06754474370979652
2020Q4,deep_OTM,aug@1.00,3161,8,0.8268769653552632,0.06525965236739431
2020Q4,deep_OTM,DynET,3161,8,0.8502004638553415,0.060379869007698
2020Q4,OTM,base-7,1605,8,-3.0004061011058,0.11139422695742476
2020Q4,OTM,aug@1.00,1605,8,-2.831854192875979,0.10895223007268953
2020Q4,OTM,DynET,1605,8,-2.3731165379439116,0.10233970330218073
2020Q4,ATM,base-7,859,8,-4.263528149209748,0.12290381350407449
2020Q4,ATM,aug@1.00,859,8,-4.184662548439086,0.12167227240977878
2020Q4,ATM,DynET,859,8,-3.693322663235308,0.11566473255723707
2020Q4,ITM,base-7,1538,8,-2.250697364136915,0.10956950940615522
2020Q4,ITM,aug@1.00,1538,8,-2.120917573640238,0.10707631677503252
2020Q4,ITM,DynET,1538,8,-1.9032583735498037,0.1035384033810143
2020Q4,deep_ITM,base-7,2837,8,0.802505688828349,0.09886891251321824
2020Q4,deep_ITM,aug@1.00,2837,8,0.8086897894421221,0.09647619851956295
2020Q4,deep_ITM,DynET,2837,8,0.8074214891000433,0.09425233784514161
