fold,arm,d,max_features,M_blocks,n_train,n_test,r2,mae,rmse,secs
2017Q1,ET-12,12,1.0,13,30000,15000,0.9723541579915546,0.03846406606266666,0.07838261094848073,4.57499504100997
2017Q1,DynET,20,0.65,13,30000,15000,0.9787329161838401,0.03302169475999998,0.06874779706582954,4.590068582969252
2017Q1,ET-20@0.10,20,0.1,13,30000,15000,0.9590918985459427,0.049089056319333295,0.09534753661407254,1.5851826669531874
2017Q1,ET-20@0.20,20,0.2,13,30000,15000,0.9712527425013274,0.04130359642399996,0.0799287506281574,2.1874913750216365
2017Q1,ET-20@0.30,20,0.3,13,30000,15000,0.9751642768934832,0.0376536405253333,0.07429220006688259,2.8957646249909885
2017Q1,ET-20@0.40,20,0.4,13,30000,15000,0.976442536697132,0.035965699005999954,0.07235508809182661,3.327531957998872
2017Q1,ET-20@0.50,20,0.5,13,30000,15000,0.9777112409562587,0.03479806364399997,0.0703797564459102,3.6497432090109214
2017Q1,ET-20@0.60,20,0.6,13,30000,15000,0.97825238675963,0.03336308492866665,0.06952013638317528,4.302525540988427
2017Q1,ET-20@0.70,20,0.7,13,30000,15000,0.9786647069843546,0.03346907588999997,0.06885795505359574,4.774952791980468
2017Q1,ET-20@0.80,20,0.8,13,30000,15000,0.9790709399006836,0.03259733652999998,0.06819926238431423,5.100732541992329
2017Q1,ET-20@0.90,20,0.9,13,30000,15000,0.9789815444931114,0.032066010501333314,0.06834475875166858,5.598979959031567
2017Q1,ET-20@1.00,20,1.0,13,30000,15000,0.9789498482805886,0.03174497259599998,0.06839627190683575,6.218364125001244
2017Q1,ET-12@0.30,12,0.3,13,30000,15000,0.9525461810712621,0.053112715351333266,0.10269289552167073,1.8368100000079721
2017Q1,ET-12@0.50,12,0.5,13,30000,15000,0.9670679191652974,0.043504609349333284,0.08554889441839614,2.7254302499932237
2017Q1,ET-12@0.70,12,0.7,13,30000,15000,0.9703124737964042,0.04046556357199996,0.08122539277947632,3.1659174580127
2017Q2,ET-12,12,1.0,14,30000,15000,0.9723396498283905,0.024045666191333383,0.08342396852121388,4.183974166982807
2017Q2,DynET,20,0.7,14,30000,15000,0.9862801139599241,0.019818392643333325,0.05875397589148923,4.738131541002076
2017Q2,ET-20@0.10,20,0.1,14,30000,15000,0.9631075618893434,0.03206776914266669,0.09634533416644046,1.5519978330121376
2017Q2,ET-20@0.20,20,0.2,14,30000,15000,0.9765389977639102,0.025164135014000017,0.07683078829654381,2.2916073339874856
2017Q2,ET-20@0.30,20,0.3,14,30000,15000,0.9807256469734389,0.022665170924666685,0.06963890173320444,2.8527753750095144
2017Q2,ET-20@0.40,20,0.4,14,30000,15000,0.9823177729941618,0.021691571888666702,0.06670071503191904,3.438604958006181
2017Q2,ET-20@0.50,20,0.5,14,30000,15000,0.9833788852979917,0.021024550255333334,0.06466839494277346,3.840549790998921
2017Q2,ET-20@0.60,20,0.6,14,30000,15000,0.9845711546670006,0.02047928241933335,0.06230583511086605,3.9805243749869987
2017Q2,ET-20@0.70,20,0.7,14,30000,15000,0.9862801139599241,0.01981839264333332,0.05875397589148923,4.951151541958097
2017Q2,ET-20@0.80,20,0.8,14,30000,15000,0.9860517159291352,0.019655697008000007,0.05924100267657544,5.324021333013661
2017Q2,ET-20@0.90,20,0.9,14,30000,15000,0.9866192585488639,0.019434578795999996,0.058023256332791096,5.771345666027628
2017Q2,ET-20@1.00,20,1.0,14,30000,15000,0.9875560242385619,0.019160930346666653,0.05595534618073469,6.308161791006569
2017Q2,ET-12@0.30,12,0.3,14,30000,15000,0.950227331957174,0.036621168542000065,0.11190705568912837,1.8206451669684611
2017Q2,ET-12@0.50,12,0.5,14,30000,15000,0.963793196685917,0.028604714079333363,0.09544586101996926,2.6504644590313546
2017Q2,ET-12@0.70,12,0.7,14,30000,15000,0.9671727952123182,0.0262642630786667,0.09088222707572761,3.234963166003581
2017Q3,ET-12,12,1.0,14,30000,15000,0.991252166615722,0.021496361711333376,0.050318557014026224,4.4089461250114255
2017Q3,DynET,20,0.7,14,30000,15000,0.9931033951373648,0.020089681838666714,0.044678192916131836,4.9251882919925265
2017Q3,ET-20@0.10,20,0.1,14,30000,15000,0.9779459628562358,0.03269796490599998,0.07989543724522728,1.567581000039354
2017Q3,ET-20@0.20,20,0.2,14,30000,15000,0.987694048428928,0.025683229442666666,0.05968092254723765,2.235325957997702
2017Q3,ET-20@0.30,20,0.3,14,30000,15000,0.9905021272408157,0.023181394704666673,0.05243135730898016,2.8463972919853404
2017Q3,ET-20@0.40,20,0.4,14,30000,15000,0.9917570852664759,0.021919300347333356,0.048844799444208366,3.66002866695635
2017Q3,ET-20@0.50,20,0.5,14,30000,15000,0.992530279988938,0.02097650025933332,0.04649755199208847,4.120889083016664
2017Q3,ET-20@0.60,20,0.6,14,30000,15000,0.9928882506410364,0.020474682076666688,0.045369725134486005,4.499725625035353
2017Q3,ET-20@0.70,20,0.7,14,30000,15000,0.9931033951373648,0.020089681838666718,0.044678192916131836,5.214116709015798
2017Q3,ET-20@0.80,20,0.8,14,30000,15000,0.9932854045150545,0.019863156206666704,0.044084696380236356,5.3403342079836875
2017Q3,ET-20@0.90,20,0.9,14,30000,15000,0.9933649750491457,0.01981953196466671,0.04382270761251857,5.543270041991491
2017Q3,ET-20@1.00,20,1.0,14,30000,15000,0.9933071002616766,0.019791545958666685,0.04401341701129334,6.045188000018243
2017Q3,ET-12@0.30,12,0.3,14,30000,15000,0.9738226939593768,0.03511105737666661,0.08704431305372862,1.8440825000288896
2017Q3,ET-12@0.50,12,0.5,14,30000,15000,0.9859516604697742,0.02610803913466669,0.06376618349037756,2.566138958965894
2017Q3,ET-12@0.70,12,0.7,14,30000,15000,0.9886990454097018,0.023739409353333372,0.05719202737593415,3.085383958008606
2017Q4,ET-12,12,1.0,14,30000,15000,0.9847060732420668,0.024013932372666726,0.07086438421394944,4.488940917013679
2017Q4,DynET,20,0.7,14,30000,15000,0.9859497722567022,0.02184055582866674,0.06792195794079844,4.883550875005312
2017Q4,ET-20@0.10,20,0.1,14,30000,15000,0.9646295858841061,0.035619836524666666,0.10776769322964537,1.6890322919934988
2017Q4,ET-20@0.20,20,0.2,14,30000,15000,0.9769862811216335,0.02733044496866668,0.08692844610808145,2.2673698340076953
2017Q4,ET-20@0.30,20,0.3,14,30000,15000,0.9809890870880942,0.024792922056000043,0.0790078058026745,2.8321881250012666
2017Q4,ET-20@0.40,20,0.4,14,30000,15000,0.9830462253076859,0.02349138466266672,0.07461080370848858,3.3382214580196887
2017Q4,ET-20@0.50,20,0.5,14,30000,15000,0.9848606104795259,0.022512869427333417,0.07050545118713639,3.818624750012532
2017Q4,ET-20@0.60,20,0.6,14,30000,15000,0.984891272909831,0.022258759557333398,0.07043401619893877,4.3945524580194615
2017Q4,ET-20@0.70,20,0.7,14,30000,15000,0.9859497722567022,0.02184055582866674,0.06792195794079843,4.7522737919935025
2017Q4,ET-20@0.80,20,0.8,14,30000,15000,0.9860154701633367,0.021699242740666744,0.06776297265057546,5.489837083034217
2017Q4,ET-20@0.90,20,0.9,14,30000,15000,0.9869134789476088,0.021270638909333405,0.06555119581144737,5.880758958985098
2017Q4,ET-20@1.00,20,1.0,14,30000,15000,0.9863864525191499,0.021370867088666735,0.0668581214476493,6.131765625032131
2017Q4,ET-12@0.30,12,0.3,14,30000,15000,0.9592760411364746,0.03987013562333329,0.11563611960195354,1.86435879196506
2017Q4,ET-12@0.50,12,0.5,14,30000,15000,0.9754509373604661,0.029426074314666626,0.08978131696900542,2.635619458043948
2017Q4,ET-12@0.70,12,0.7,14,30000,15000,0.9804290766001335,0.026551109013999995,0.08016303902112286,3.220845708041452
2018Q1,ET-12,12,1.0,13,30000,15000,0.9906935219995622,0.021322040307999973,0.05635060585134184,4.27337108401116
2018Q1,DynET,20,0.65,13,30000,15000,0.992195547381628,0.020174681671333298,0.051603259713802536,4.334220165968873
2018Q1,ET-20@0.10,20,0.1,13,30000,15000,0.9755021702278645,0.033617428500666645,0.09142599982812415,1.662652832979802
2018Q1,ET-20@0.20,20,0.2,13,30000,15000,0.9873902379979842,0.02506041432799996,0.06559328130661866,2.2491067919763736
2018Q1,ET-20@0.30,20,0.3,13,30000,15000,0.9902173852270838,0.022450485063999943,0.05777412651601183,2.5874025839730166
2018Q1,ET-20@0.40,20,0.4,13,30000,15000,0.9913759493949349,0.02119858350333329,0.05424523066874778,3.2224555830471218
2018Q1,ET-20@0.50,20,0.5,13,30000,15000,0.9919158659710342,0.020630591533999956,0.052519751770536915,3.6789157500024885
2018Q1,ET-20@0.60,20,0.6,13,30000,15000,0.9920727410340701,0.020299837909333308,0.05200767452219649,4.157461249968037
2018Q1,ET-20@0.70,20,0.7,13,30000,15000,0.9922667608640198,0.02007669931066662,0.05136728741269111,4.723639750038274
2018Q1,ET-20@0.80,20,0.8,13,30000,15000,0.9924442377903981,0.01989316595133331,0.05077442957023945,5.208456417021807
2018Q1,ET-20@0.90,20,0.9,13,30000,15000,0.9924133510881658,0.019742429289999957,0.05087810245061078,5.9296026249649
2018Q1,ET-20@1.00,20,1.0,13,30000,15000,0.9924463926019502,0.01962809282466662,0.05076718892885758,6.1009124999982305
2018Q1,ET-12@0.30,12,0.3,13,30000,15000,0.97528771108047,0.03479516892066666,0.09182530902613659,1.9059429169865325
2018Q1,ET-12@0.50,12,0.5,13,30000,15000,0.986652553784748,0.025303238011333315,0.06748465032855233,2.6543165000039153
2018Q1,ET-12@0.70,12,0.7,13,30000,15000,0.9890971918128191,0.023035339278666668,0.06099231224902528,3.0929832499823533
2018Q2,ET-12,12,1.0,13,30000,15000,0.9938078067145202,0.020498091737333336,0.04533614908790908,4.1603214999777265
2018Q2,DynET,20,0.65,13,30000,15000,0.9944732224518091,0.018934237706666676,0.042831015172424915,4.902158749988303
2018Q2,ET-20@0.10,20,0.1,13,30000,15000,0.9817528130896356,0.03215760638933336,0.07782521624420025,1.675348707998637
2018Q2,ET-20@0.20,20,0.2,13,30000,15000,0.9902842387880999,0.023931517468666706,0.05678855158547649,2.175890708982479
2018Q2,ET-20@0.30,20,0.3,13,30000,15000,0.9927393782844852,0.021184079510000054,0.04909183669658449,2.758404874999542
2018Q2,ET-20@0.40,20,0.4,13,30000,15000,0.99359044289372,0.020122497466000068,0.046125000766347915,3.3233217500383034
2018Q2,ET-20@0.50,20,0.5,13,30000,15000,0.9941783152801383,0.01941696112600003,0.0439588899171873,4.068178249988705
2018Q2,ET-20@0.60,20,0.6,13,30000,15000,0.9943131759205858,0.01919539575466669,0.04344674776324071,4.360444749996532
2018Q2,ET-20@0.70,20,0.7,13,30000,15000,0.994446504878438,0.018921252336666666,0.04293441730132047,4.902195708011277
2018Q2,ET-20@0.80,20,0.8,13,30000,15000,0.9945743725116309,0.018734664553999997,0.042437262599939456,5.27106391696725
2018Q2,ET-20@0.90,20,0.9,13,30000,15000,0.9946794646300344,0.018612089643999997,0.04202425693611768,5.9555787919671275
2018Q2,ET-20@1.00,20,1.0,13,30000,15000,0.994611902158358,0.01863119630599998,0.042290236363275266,6.3929593749926426
2018Q2,ET-12@0.30,12,0.3,13,30000,15000,0.9795728119438356,0.03439118743666666,0.0823429969129899,1.9740977499750443
2018Q2,ET-12@0.50,12,0.5,13,30000,15000,0.9901829777286963,0.02468544605466666,0.0570837195603348,2.5964514579973184
2018Q2,ET-12@0.70,12,0.7,13,30000,15000,0.9924257643649109,0.022302338102000014,0.050140860364005564,3.2769098340068012
2018Q3,ET-12,12,1.0,13,30000,15000,0.9907153338612468,0.025991156015999915,0.05964389280525502,4.140864540997427
2018Q3,DynET,20,0.65,13,30000,15000,0.9928589682927571,0.022909294125333303,0.052307421960603354,4.536018041020725
2018Q3,ET-20@0.10,20,0.1,13,30000,15000,0.9794606108521666,0.034802578498666754,0.08871082062538989,1.674720040988177
2018Q3,ET-20@0.20,20,0.2,13,30000,15000,0.9885659900528905,0.027270098093333375,0.06618843582974213,2.127653207979165
2018Q3,ET-20@0.30,20,0.3,13,30000,15000,0.9908699748851124,0.02507882128399996,0.05914510691300396,2.7197300840052776
2018Q3,ET-20@0.40,20,0.4,13,30000,15000,0.9919864069327268,0.02408909565933332,0.05541106247756707,3.302430541953072
2018Q3,ET-20@0.50,20,0.5,13,30000,15000,0.9923079639987915,0.023446193022000003,0.0542879558595484,3.7160016669658944
2018Q3,ET-20@0.60,20,0.6,13,30000,15000,0.9927725817213046,0.02305102657733331,0.05262285783007156,4.357537332980428
2018Q3,ET-20@0.70,20,0.7,13,30000,15000,0.9928487795846928,0.022730141510666636,0.05234472434980665,4.662466750014573
2018Q3,ET-20@0.80,20,0.8,13,30000,15000,0.992965519247493,0.022585835979999948,0.051915717185461924,5.177110708958935
2018Q3,ET-20@0.90,20,0.9,13,30000,15000,0.992987994817786,0.022622261534666628,0.05183271398235291,5.602042125014123
2018Q3,ET-20@1.00,20,1.0,13,30000,15000,0.9930218808204884,0.022474032534666632,0.05170731970719621,6.051729374972638
2018Q3,ET-12@0.30,12,0.3,13,30000,15000,0.9754210579647655,0.03742893954733337,0.0970430477886448,1.943086665996816
2018Q3,ET-12@0.50,12,0.5,13,30000,15000,0.986583516356668,0.029294901232666634,0.07169719874525785,2.6320499590365216
2018Q3,ET-12@0.70,12,0.7,13,30000,15000,0.9890501999434277,0.027395393972666618,0.06477179453913982,3.3126562910038047
2018Q4,ET-12,12,1.0,15,30000,15000,0.9838600241471567,0.0358915126033333,0.06623779618060818,4.26438429200789
2018Q4,DynET,20,0.75,15,30000,15000,0.9867083927171524,0.03561285183,0.06010950957799971,5.0356557500199415
2018Q4,ET-20@0.10,20,0.1,15,30000,15000,0.9630773756222285,0.05087063706666669,0.10018454156003395,1.5872763329534791
2018Q4,ET-20@0.20,20,0.2,15,30000,15000,0.978170688048177,0.042381296082666664,0.07703258250248769,2.2657486249809153
2018Q4,ET-20@0.30,20,0.3,15,30000,15000,0.9821659230303627,0.03958551799866667,0.06962733174456788,2.6572065000073053
2018Q4,ET-20@0.40,20,0.4,15,30000,15000,0.9840451129191473,0.03818589704466666,0.06585690268787243,3.0391642920440063
2018Q4,ET-20@0.50,20,0.5,15,30000,15000,0.9851189638546478,0.037219082486666666,0.06360203623699504,3.8136400419753045
2018Q4,ET-20@0.60,20,0.6,15,30000,15000,0.9858018515089465,0.03649104697400001,0.06212555636884881,4.385098500002641
2018Q4,ET-20@0.70,20,0.7,15,30000,15000,0.986142726231628,0.036154269333333315,0.061375258274164866,5.255543916951865
2018Q4,ET-20@0.80,20,0.8,15,30000,15000,0.9868500197704622,0.03552225161733333,0.05978840725304359,5.173577791952994
2018Q4,ET-20@0.90,20,0.9,15,30000,15000,0.9871729231287787,0.03514632188399999,0.05904977985634256,5.818800916953478
2018Q4,ET-20@1.00,20,1.0,15,30000,15000,0.9872852252165246,0.03489870577133333,0.058790718803178106,6.2133531250292435
2018Q4,ET-12@0.30,12,0.3,15,30000,15000,0.9623476459576594,0.05003427211933333,0.10116970904019644,1.997603915981017
2018Q4,ET-12@0.50,12,0.5,15,30000,15000,0.9776590133794346,0.040297457380000005,0.07793016726461546,2.6991632499848492
2018Q4,ET-12@0.70,12,0.7,15,30000,15000,0.981138851959442,0.03797036623733334,0.07160419985723548,3.248632667004131
2019Q1,ET-12,12,1.0,13,30000,15000,0.9823960702313116,0.023151251930666635,0.06034105926395242,4.329710874997545
2019Q1,DynET,20,0.65,13,30000,15000,0.98669817886147,0.020401022878666596,0.05245219511626311,4.547932750021573
2019Q1,ET-20@0.10,20,0.1,13,30000,15000,0.9651826589622791,0.030170163655999963,0.08486056459093651,1.6316655830014497
2019Q1,ET-20@0.20,20,0.2,13,30000,15000,0.9800297445110349,0.02328184174999998,0.06426876087935102,2.338531791989226
2019Q1,ET-20@0.30,20,0.3,13,30000,15000,0.9838867829222868,0.021450637377333284,0.05772969262114899,2.9930127909756266
2019Q1,ET-20@0.40,20,0.4,13,30000,15000,0.9854855012630034,0.020782562154666617,0.05479098867273035,3.2177130830241367
2019Q1,ET-20@0.50,20,0.5,13,30000,15000,0.9863042473543222,0.020501139647999957,0.053223210470079975,4.027780541975517
2019Q1,ET-20@0.60,20,0.6,13,30000,15000,0.9866129589679454,0.020532196205999945,0.05261994785902842,4.515986957994755
2019Q1,ET-20@0.70,20,0.7,13,30000,15000,0.9867404171305411,0.020396253426666608,0.05236885120950468,4.936134957999457
2019Q1,ET-20@0.80,20,0.8,13,30000,15000,0.9869978249452203,0.020302085656666614,0.051858042651657006,5.307100166974124
2019Q1,ET-20@0.90,20,0.9,13,30000,15000,0.9870738929517082,0.020226907351333277,0.05170612482147591,5.988695208972786
2019Q1,ET-20@1.00,20,1.0,13,30000,15000,0.9869402273117898,0.020141536753999933,0.05197277729980691,6.341103042010218
2019Q1,ET-12@0.30,12,0.3,13,30000,15000,0.9566583851446275,0.03484013245733334,0.09468052565760085,1.9416020409553312
2019Q1,ET-12@0.50,12,0.5,13,30000,15000,0.9762171203971489,0.026430717339999975,0.07013589361774811,2.6604970840271562
2019Q1,ET-12@0.70,12,0.7,13,30000,15000,0.980141736478514,0.024442347587333303,0.0640882998862459,3.04528666700935
2019Q2,ET-12,12,1.0,13,30000,15000,0.9879591326295502,0.015408777370000003,0.036965880805177216,4.303185917029623
2019Q2,DynET,20,0.65,13,30000,15000,0.990812601771888,0.014038525254666697,0.032290029599049155,4.484164665977005
2019Q2,ET-20@0.10,20,0.1,13,30000,15000,0.9732410814121337,0.021522588009333345,0.0551069597406302,1.652501749980729
2019Q2,ET-20@0.20,20,0.2,13,30000,15000,0.9847015422000317,0.016862396864666677,0.04166736134458671,2.33443458302645
2019Q2,ET-20@0.30,20,0.3,13,30000,15000,0.9880933199947739,0.015255757712666684,0.036759323773388516,2.672691916988697
2019Q2,ET-20@0.40,20,0.4,13,30000,15000,0.9894718269488515,0.014588629032666684,0.03456596452356195,3.2261846250039525
2019Q2,ET-20@0.50,20,0.5,13,30000,15000,0.9903244669961825,0.014198293638666681,0.0331367279152232,3.65937812498305
2019Q2,ET-20@0.60,20,0.6,13,30000,15000,0.9907902014807357,0.014027776157333343,0.03232936966574467,4.242606999992859
2019Q2,ET-20@0.70,20,0.7,13,30000,15000,0.990842731723256,0.014031605917333354,0.0322370387544878,4.8745594170177355
2019Q2,ET-20@0.80,20,0.8,13,30000,15000,0.9913590159407448,0.013888587744666689,0.03131509794913595,5.524119583016727
2019Q2,ET-20@0.90,20,0.9,13,30000,15000,0.9915055113851515,0.013841704130666689,0.03104851202314178,5.533490291039925
2019Q2,ET-20@1.00,20,1.0,13,30000,15000,0.9916310101077672,0.01381478794200005,0.030818301111330677,6.081171124998946
2019Q2,ET-12@0.30,12,0.3,13,30000,15000,0.9641119954347552,0.023180033419333366,0.06381853467407604,2.022292249952443
2019Q2,ET-12@0.50,12,0.5,13,30000,15000,0.9810197806151573,0.017676460644666676,0.04641119880775464,2.6879113749600947
2019Q2,ET-12@0.70,12,0.7,13,30000,15000,0.9848987956371278,0.016341247474666684,0.04139786699671885,3.2437219580169767
2019Q3,ET-12,12,1.0,13,30000,15000,0.9883654711882977,0.013076582431999984,0.02851221866681297,4.498529292002786
2019Q3,DynET,20,0.65,13,30000,15000,0.990866104756145,0.012421983389999976,0.025262982809878355,4.592879500007257
2019Q3,ET-20@0.10,20,0.1,13,30000,15000,0.9755386308206857,0.018288390798,0.04134252469228742,1.6873117909999564
2019Q3,ET-20@0.20,20,0.2,13,30000,15000,0.9857952800365781,0.014737058832666666,0.031504526121651485,2.205513582972344
2019Q3,ET-20@0.30,20,0.3,13,30000,15000,0.9887531742674727,0.013490577935999984,0.02803313034135743,2.7162387919961475
2019Q3,ET-20@0.40,20,0.4,13,30000,15000,0.9897489688503613,0.013005097234666647,0.02676334484273902,3.357372874976136
2019Q3,ET-20@0.50,20,0.5,13,30000,15000,0.9903485919495475,0.012663132885333305,0.025968804212605914,3.9145545420469716
2019Q3,ET-20@0.60,20,0.6,13,30000,15000,0.9908095980711575,0.012541292002666654,0.025341006825542915,4.1623179169837385
2019Q3,ET-20@0.70,20,0.7,13,30000,15000,0.9907983717498067,0.012424018542666638,0.025356479460162274,4.562210500007495
2019Q3,ET-20@0.80,20,0.8,13,30000,15000,0.9911244533448157,0.012357768895333316,0.024903143376795188,5.333038249984384
2019Q3,ET-20@0.90,20,0.9,13,30000,15000,0.9913256401754683,0.012247745605999966,0.024619278999200137,5.852011709008366
2019Q3,ET-20@1.00,20,1.0,13,30000,15000,0.9914073679208347,0.012234624253999972,0.024503026042519666,6.343604207970202
2019Q3,ET-12@0.30,12,0.3,13,30000,15000,0.9726846950093248,0.018319092959333344,0.04368774618274788,2.1305569160031155
2019Q3,ET-12@0.50,12,0.5,13,30000,15000,0.9844885528499955,0.014433778439999989,0.032921739344409236,2.6188325829571113
2019Q3,ET-12@0.70,12,0.7,13,30000,15000,0.9864494957159432,0.013584584868666646,0.030770485049116666,3.2189680409501307
2019Q4,ET-12,12,1.0,13,30000,15000,0.9668288426509508,0.03065705183266665,0.06119310381577936,4.257678708003368
2019Q4,DynET,20,0.65,13,30000,15000,0.9773022529749553,0.02712989132666662,0.050618998148511306,4.5718707499909215
2019Q4,ET-20@0.10,20,0.1,13,30000,15000,0.9409378935502757,0.03719024078799996,0.08165384417921619,1.7148460419848561
2019Q4,ET-20@0.20,20,0.2,13,30000,15000,0.9621870774928296,0.0323961409893333,0.06533445790601855,2.234026832971722
2019Q4,ET-20@0.30,20,0.3,13,30000,15000,0.9694872299326104,0.030364702401999955,0.05868984842245591,2.6303277920233086
2019Q4,ET-20@0.40,20,0.4,13,30000,15000,0.973115183987782,0.02917343948399996,0.05509037188104991,3.2099437090219
2019Q4,ET-20@0.50,20,0.5,13,30000,15000,0.9747687786283493,0.02837341439999995,0.05336927543616489,3.761275583994575
2019Q4,ET-20@0.60,20,0.6,13,30000,15000,0.9767291530814891,0.027474924374666632,0.05125405898034457,4.163786625023931
2019Q4,ET-20@0.70,20,0.7,13,30000,15000,0.9777386286997887,0.026890390673999946,0.05013004868209926,4.598622040997725
2019Q4,ET-20@0.80,20,0.8,13,30000,15000,0.9789086839991777,0.02657713698733329,0.04879485243654121,5.183716874977108
2019Q4,ET-20@0.90,20,0.9,13,30000,15000,0.9794100819336178,0.02627723607799995,0.048211370676932645,5.669789082952775
2019Q4,ET-20@1.00,20,1.0,13,30000,15000,0.9797873299171462,0.026197304615999936,0.04776766510368012,6.507457166968379
2019Q4,ET-12@0.30,12,0.3,13,30000,15000,0.9283727218456461,0.038869162617999956,0.0899210550367342,1.8740733340382576
2019Q4,ET-12@0.50,12,0.5,13,30000,15000,0.9546378555013647,0.03366869255133334,0.07155977370540763,2.8425318339723162
2019Q4,ET-12@0.70,12,0.7,13,30000,15000,0.9608462224312198,0.03239094147333333,0.06648275443523352,3.0142726250342093
2020Q1,ET-12,12,1.0,13,30000,15000,0.8591815830995341,0.07263356072733332,0.12690674550705916,4.317584666016046
2020Q1,DynET,20,0.65,13,30000,15000,0.8606143345654397,0.0736919885513333,0.12625949107651946,4.259210166987032
2020Q1,ET-20@0.10,20,0.1,13,30000,15000,0.8025640434115204,0.08439531262733331,0.15026855223095856,1.6005547500099055
2020Q1,ET-20@0.20,20,0.2,13,30000,15000,0.8336345351894194,0.07818925411,0.1379388391982838,2.05571600003168
2020Q1,ET-20@0.30,20,0.3,13,30000,15000,0.8452435585736563,0.07592612104866664,0.13303911445000774,2.814484124945011
2020Q1,ET-20@0.40,20,0.4,13,30000,15000,0.850537333676782,0.07528909186599994,0.1307438714941237,3.0658504579914734
2020Q1,ET-20@0.50,20,0.5,13,30000,15000,0.8569621591012522,0.07390157920199998,0.12790291752928257,3.5532381249940954
2020Q1,ET-20@0.60,20,0.6,13,30000,15000,0.8620022565774359,0.07302700252399998,0.1256293088323526,4.245116500009317
2020Q1,ET-20@0.70,20,0.7,13,30000,15000,0.8640193872786311,0.07279669517599997,0.12470775897849609,4.550787499989383
2020Q1,ET-20@0.80,20,0.8,13,30000,15000,0.8663428011924926,0.07230164640799994,0.1236377677927473,5.08473766600946
2020Q1,ET-20@0.90,20,0.9,13,30000,15000,0.8681126336614735,0.07186428275733331,0.12281646019301307,5.828140917001292
2020Q1,ET-20@1.00,20,1.0,13,30000,15000,0.8702271770838953,0.07138177851066663,0.12182792688336234,6.447216374974232
2020Q1,ET-12@0.30,12,0.3,13,30000,15000,0.7980955498742835,0.084913670786,0.15195952371533364,1.8272172079887241
2020Q1,ET-12@0.50,12,0.5,13,30000,15000,0.8369593127283985,0.07658614145000002,0.1365535442521132,2.658629583020229
2020Q1,ET-12@0.70,12,0.7,13,30000,15000,0.8513042494763918,0.07365308124733334,0.13040800669635744,3.242064042016864
2020Q2,ET-12,12,1.0,12,30000,15000,0.9666834005263094,0.023339190998666694,0.07030204522082155,4.237174790992867
2020Q2,DynET,20,0.6,12,30000,15000,0.9759572190181871,0.021924325449333346,0.05972139943207062,4.425922749971505
2020Q2,ET-20@0.10,20,0.1,12,30000,15000,0.9312702061956581,0.03617095829266664,0.10097413611057567,1.5549184999545105
2020Q2,ET-20@0.20,20,0.2,12,30000,15000,0.9597651297596386,0.026469391191333295,0.07725719361605232,2.16864287503995
2020Q2,ET-20@0.30,20,0.3,12,30000,15000,0.9699278331096569,0.023397452178666688,0.06679131394874945,2.6987501659896225
2020Q2,ET-20@0.40,20,0.4,12,30000,15000,0.9730604327277371,0.02260911169866668,0.06321686188300664,3.154274583037477
2020Q2,ET-20@0.50,20,0.5,12,30000,15000,0.9751235821397042,0.02201184545133333,0.06074793888497579,3.7791988750104792
2020Q2,ET-20@0.60,20,0.6,12,30000,15000,0.9759572190181871,0.021924325449333346,0.05972139943207062,4.055565792019479
2020Q2,ET-20@0.70,20,0.7,12,30000,15000,0.9762418397209817,0.02175634413200003,0.059366853248372445,4.7246190829901025
2020Q2,ET-20@0.80,20,0.8,12,30000,15000,0.9778075363923067,0.02162065314066668,0.05737733647728244,5.153705916018225
2020Q2,ET-20@0.90,20,0.9,12,30000,15000,0.9775527159422243,0.021561579519999995,0.05770580806509332,5.609786707966123
2020Q2,ET-20@1.00,20,1.0,12,30000,15000,0.9781590280706149,0.02146037189666668,0.05692114218317329,6.581547749985475
2020Q2,ET-12@0.30,12,0.3,12,30000,15000,0.9145321130707885,0.03451125078866662,0.11260018631546631,2.1284311250201426
2020Q2,ET-12@0.50,12,0.5,12,30000,15000,0.9483330092076101,0.025744547679999983,0.08754759288923289,2.7796326659736224
2020Q2,ET-12@0.70,12,0.7,12,30000,15000,0.9584401950466763,0.024146173912666703,0.07851893060772457,3.359652833023574
2020Q3,ET-12,12,1.0,9,30000,15000,0.9004222665131164,0.07411971626599988,0.1334950360946346,4.146880207990762
2020Q3,DynET,20,0.45,9,30000,15000,0.9004423002874186,0.0692709839733333,0.13348160666690134,3.4280994590371847
2020Q3,ET-20@0.10,20,0.1,9,30000,15000,0.8528704352705676,0.07967288281200002,0.16226840737972167,1.5674896669806913
2020Q3,ET-20@0.20,20,0.2,9,30000,15000,0.8932523415750372,0.06982046879466663,0.13821754577767395,2.0444871250074357
2020Q3,ET-20@0.30,20,0.3,9,30000,15000,0.8990882098715778,0.06821690517399998,0.1343862866875125,2.6965838750475086
2020Q3,ET-20@0.40,20,0.4,9,30000,15000,0.9015218966606965,0.06775710185866661,0.1327559015684908,3.2427867079968564
2020Q3,ET-20@0.50,20,0.5,9,30000,15000,0.8993430013422166,0.06929710846133327,0.13421652396558112,3.6783085410133936
2020Q3,ET-20@0.60,20,0.6,9,30000,15000,0.8999926828658598,0.07017872173399994,0.13378267855110135,4.697377333999611
2020Q3,ET-20@0.70,20,0.7,9,30000,15000,0.9000792897909721,0.07011252035466659,0.1337247377106851,4.880967542005237
2020Q3,ET-20@0.80,20,0.8,9,30000,15000,0.8981233709149985,0.07213442270466658,0.13502720618741043,5.71381341596134
2020Q3,ET-20@0.90,20,0.9,9,30000,15000,0.8987708324249352,0.07198199549799993,0.13459744979135377,6.166412541992031
2020Q3,ET-20@1.00,20,1.0,9,30000,15000,0.900933234755386,0.07208246938266656,0.13315209068229963,6.766793125018012
2020Q3,ET-12@0.30,12,0.3,9,30000,15000,0.8448478163950686,0.08342539699066662,0.16663374107659143,1.9882337499875575
2020Q3,ET-12@0.50,12,0.5,9,30000,15000,0.8927893415964631,0.07354631127133324,0.13851696911013003,2.9778335409937426
2020Q3,ET-12@0.70,12,0.7,9,30000,15000,0.9007088422008513,0.0731429115026666,0.13330280438403544,3.5375300000305288
2020Q4,ET-12,12,1.0,12,30000,15000,0.9345466583581381,0.07281565924066653,0.10909916773090016,4.503152124991175
2020Q4,DynET,20,0.6,12,30000,15000,0.9413248593596203,0.0672015100053332,0.10329578377187604,4.479912333015818
2020Q4,ET-20@0.10,20,0.1,12,30000,15000,0.892713220783073,0.08238188447933317,0.13967819993900077,1.6072056660195813
2020Q4,ET-20@0.20,20,0.2,12,30000,15000,0.9219102953187855,0.07450735488799985,0.11916601483425103,2.103383624984417
2020Q4,ET-20@0.30,20,0.3,12,30000,15000,0.9325331867469703,0.07083360014799986,0.11076450835739336,2.6890778340166435
2020Q4,ET-20@0.40,20,0.4,12,30000,15000,0.9375578776901742,0.06889555802999985,0.10656003475120167,3.389302083000075
2020Q4,ET-20@0.50,20,0.5,12,30000,15000,0.9394859044236638,0.06805480820599985,0.10490200743768517,3.592673042032402
2020Q4,ET-20@0.60,20,0.6,12,30000,15000,0.9413248593596203,0.0672015100053332,0.10329578377187604,4.323745957983192
2020Q4,ET-20@0.70,20,0.7,12,30000,15000,0.9415536469754505,0.06754755237533318,0.10309420028812556,4.682638500002213
2020Q4,ET-20@0.80,20,0.8,12,30000,15000,0.9419833036346157,0.06728530011399987,0.10271456311112606,5.28139508300228
2020Q4,ET-20@0.90,20,0.9,12,30000,15000,0.9418712929445934,0.06752084110933318,0.10281366890335643,5.730825833976269
2020Q4,ET-20@1.00,20,1.0,12,30000,15000,0.9406792860312847,0.06798773569066652,0.1038624852652823,6.457462417019997
2020Q4,ET-12@0.30,12,0.3,12,30000,15000,0.8822008984846911,0.09207056565199988,0.14636138639042456,1.8585809160140343
2020Q4,ET-12@0.50,12,0.5,12,30000,15000,0.9181595968060512,0.07979329132866654,0.1219942624713509,2.686984665982891
2020Q4,ET-12@0.70,12,0.7,12,30000,15000,0.9271512650310605,0.07604849323666649,0.11509767024565644,3.497593041975051
