B,rho,seed,d,eff_rank,redundancy,all,block-rule,gain
3,0.0,0,30,29.888054049321134,0.0037315316892955197,-0.019216185973206734,-0.007592089230590737,0.011624096742615997
3,0.0,1,30,29.89754418090276,0.0034151939699079703,-0.01599393939139615,-0.007077104469567663,0.008916834921828487
3,0.0,2,30,29.903393093141187,0.0032202302286271633,-0.02141433088312894,-0.00947379034569562,0.01194054053743332
3,0.0,3,30,29.881198007003853,0.003960066433204901,-0.027754126650297195,-0.008091707221733468,0.019662419428563727
3,0.0,4,30,29.896834481474844,0.0034388506175051514,-0.021371188664192076,-0.007779806645054288,0.013591382019137788
3,0.3,0,30,23.17401873055945,0.2275327089813517,0.5291741919411015,0.48409055953168356,-0.04508363240941793
3,0.3,1,30,23.068549961811794,0.2310483346062735,0.5572385866923593,0.5162308124248376,-0.04100777426752167
3,0.3,2,30,22.95703202417284,0.23476559919423867,0.5610588403106187,0.5177413388695986,-0.04331750144102009
3,0.3,3,30,23.082329423418205,0.23058901921939312,0.5278464370185567,0.49134141120784436,-0.036505025810712355
3,0.3,4,30,23.102657927615695,0.22991140241281016,0.5397590388792062,0.4948233515521884,-0.044935687327017804
3,0.6,0,30,12.762452534044316,0.5745849155318561,0.7912852882517144,0.7695211572334923,-0.021764131018222055
3,0.6,1,30,12.70884722861618,0.5763717590461273,0.8121200830306093,0.798837377881033,-0.013282705149576302
3,0.6,2,30,12.58372973297628,0.580542342234124,0.8103920395970314,0.7990858816347497,-0.011306157962281738
3,0.6,3,30,12.675192037382168,0.5774935987539278,0.7923886488143783,0.7755927207625273,-0.01679592805185104
3,0.6,4,30,12.727715554522783,0.5757428148492405,0.8015222554835861,0.7851907164785743,-0.01633153900501183
3,0.8,0,30,7.156356851051913,0.7614547716316029,0.9010201941035622,0.8923997248618413,-0.008620469241720885
3,0.8,1,30,7.146767431460044,0.7617744189513318,0.9127159644435631,0.9112651335602681,-0.0014508308832950068
3,0.8,2,30,7.077295456187836,0.7640901514604055,0.9139546099013751,0.9109098033966103,-0.0030448065047647965
3,0.8,3,30,7.119164252479018,0.7626945249173661,0.9006761059912799,0.8984120926784718,-0.002264013312808122
3,0.8,4,30,7.15176497222343,0.761607834259219,0.9095663769552221,0.906054921546641,-0.00351145540858111
3,0.95,0,30,3.980845552174891,0.8673051482608369,0.9621583324032484,0.9612624757191047,-0.0008958566841437143
3,0.95,1,30,3.9818462782447566,0.8672717907251748,0.9677913122774748,0.9702721881364422,0.0024808758589673907
3,0.95,2,30,3.965080136734708,0.8678306621088431,0.9713860481476192,0.9707436953344983,-0.0006423528131208611
3,0.95,3,30,3.974448943203382,0.8675183685598873,0.9633870138241012,0.963896819795022,0.0005098059709207625
3,0.95,4,30,3.983171211437824,0.8672276262854058,0.9707197387954695,0.9697488057112984,-0.0009709330841710662
3,0.99,0,30,3.2203846031328935,0.8926538465622369,0.9759765985618357,0.9756404309904871,-0.0003361675713485779
3,0.99,1,30,3.2202271906174165,0.8926590936460861,0.9804232871567915,0.9825111743069043,0.002087887150112766
3,0.99,2,30,3.2180059975367263,0.8927331334154425,0.9825733866399254,0.9831936739135292,0.0006202872736037479
3,0.99,3,30,3.219811158446853,0.8926729613851049,0.9778964609377542,0.9784759597455204,0.0005794988077661989
3,0.99,4,30,3.221835118118252,0.892605496062725,0.9829022753343675,0.9833102942241979,0.00040801888983044154
5,0.0,0,30,29.892183441510987,0.003593885282967113,-0.020913831292658003,-0.009224229448853372,0.011689601843804631
5,0.0,1,30,29.886416489987575,0.003786117000414202,-0.019738220557871333,-0.006336617235043418,0.013401603322827915
5,0.0,2,30,29.90126425792446,0.00329119140251799,-0.01978322114307285,-0.00995734993919939,0.00982587120387346
5,0.0,3,30,29.8867001133804,0.003776662887320037,-0.01783774102554969,-0.011254251040930141,0.0065834899846195505
5,0.0,4,30,29.873918485189208,0.0042027171603596924,-0.031613573623151536,-0.0157615972397962,0.015851976383355337
5,0.3,0,30,25.241911883596618,0.1586029372134461,0.4342046918363287,0.3980227427045627,-0.03618194913176598
5,0.3,1,30,25.188203669557403,0.16039321101475323,0.4410788616421788,0.40200545587974834,-0.03907340576243046
5,0.3,2,30,25.173844867205315,0.16087183775982283,0.45723150873628027,0.42423838911980727,-0.032993119616473
5,0.3,3,30,25.13907314632425,0.162030895122525,0.4638629603176083,0.4291762612424672,-0.0346866990751411
5,0.3,4,30,25.144152357865917,0.16186158807113615,0.46042503603861307,0.4252947902588129,-0.03513024577980017
5,0.6,0,30,16.218427910917693,0.4593857363027436,0.7017355812840333,0.6785203672095531,-0.02321521407448024
5,0.6,1,30,16.20351266675735,0.4598829111080883,0.7084659806417,0.683368851306509,-0.025097129335190926
5,0.6,2,30,16.144679858497252,0.46184400471675824,0.723693685977837,0.704165203312612,-0.019528482665225
5,0.6,3,30,16.133781218304172,0.4622072927231943,0.7306191575949683,0.7050307177975204,-0.02558843979744796
5,0.6,4,30,16.13019374737424,0.46232687508752535,0.7280288199610729,0.705673435272657,-0.022355384688415914
5,0.8,0,30,10.295118115417713,0.6568293961527429,0.8356734923227932,0.8210001315336359,-0.014673360789157264
5,0.8,1,30,10.294975658425704,0.6568341447191433,0.8442334193864585,0.8311042430242938,-0.013129176362164707
5,0.8,2,30,10.252646586265833,0.6582451137911389,0.852662920244146,0.8427043656848558,-0.009958554559290178
5,0.8,3,30,10.256604119303056,0.6581131960232315,0.856073853400279,0.8437943343391614,-0.012279519061117572
5,0.8,4,30,10.250639677562827,0.6583120107479058,0.8588654315995626,0.8484650941078735,-0.010400337491689116
5,0.95,0,30,6.3659610770366815,0.7878012974321106,0.9207593754976153,0.9146990467598732,-0.006060328737742093
5,0.95,1,30,6.366730083704407,0.7877756638765198,0.9262702266758355,0.923985966654743,-0.002284260021092499
5,0.95,2,30,6.354469960126163,0.7881843346624612,0.928861128354506,0.9286297464703783,-0.00023138188412763494
5,0.95,3,30,6.356297385609417,0.7881234204796861,0.9327603749654042,0.9312958232934851,-0.0014645516719190566
5,0.95,4,30,6.354885355391062,0.7881704881536313,0.9378104465939634,0.9367384626480556,-0.0010719839459077951
5,0.99,0,30,5.3180556254860365,0.8227314791504654,0.9396865553840037,0.938529773857036,-0.0011567815269677428
5,0.99,1,30,5.3178339586143375,0.8227388680461888,0.944479252113091,0.946186168062294,0.001706915949203025
5,0.99,2,30,5.3156950640715666,0.8228101645309478,0.9444589256644892,0.9486104869199236,0.004151561255434366
5,0.99,3,30,5.314003602527919,0.8228665465824028,0.9475779258054197,0.9501665124564984,0.0025885866510787503
5,0.99,4,30,5.315066811142487,0.8228311062952505,0.9551360759917726,0.9570497691788777,0.0019136931871051033
10,0.0,0,30,29.89933894904624,0.0033553683651253996,-0.020291959168448503,-0.012444442312620652,0.007847516855827852
10,0.0,1,30,29.87889272502311,0.004036909165896274,-0.022094714122174786,-0.021635391911222213,0.000459322210952573
10,0.0,2,30,29.89715814426088,0.0034280618579706212,-0.016267852834735752,-0.008351855305951394,0.007915997528784358
10,0.0,3,30,29.880390594759238,0.003986980174692123,-0.015629713785263677,-0.008455811909197308,0.007173901876066369
10,0.0,4,30,29.897831550892704,0.003405614970243165,-0.018195315647857147,-0.010580674517413957,0.007614641130443189
10,0.3,0,30,27.484896772793842,0.0838367742402053,0.3126120566549264,0.3004512054637708,-0.01216085119115562
10,0.3,1,30,27.501311341947392,0.08328962193508693,0.31075954545198925,0.2964887927029578,-0.014270752749031446
10,0.3,2,30,27.464839973388976,0.08450533422036743,0.32044473352483194,0.30308323037767715,-0.01736150314715479
10,0.3,3,30,27.514710097978348,0.08284299673405504,0.31756074746239316,0.29979377140565233,-0.017766976056740824
10,0.3,4,30,27.563678900710446,0.08121070330965174,0.32176785976018796,0.30039009482782764,-0.02137776493236032
10,0.6,0,30,21.42011095664002,0.2859963014453327,0.5657584657243798,0.5466309900936268,-0.01912747563075301
10,0.6,1,30,21.46458110530299,0.28451396315656696,0.5628920788011109,0.5413376100777406,-0.0215544687233703
10,0.6,2,30,21.42946840390373,0.2856843865365424,0.5708911277977202,0.5524555831664597,-0.018435544631260514
10,0.6,3,30,21.488406708977962,0.2837197763674013,0.5619439711936831,0.5444113726646795,-0.017532598529003574
10,0.6,4,30,21.49785023262352,0.28340499224588267,0.5784555463235135,0.5548941013731552,-0.02356144495035828
10,0.8,0,30,16.209208504650775,0.45969304984497417,0.7151407459714133,0.7015805058453395,-0.01356024012607382
10,0.8,1,30,16.23752792905675,0.45874906903144164,0.714396769989061,0.6940552125507273,-0.020341557438333657
10,0.8,2,30,16.222809041709873,0.45923969860967095,0.7196638784521756,0.7034927682443489,-0.01617111020782669
10,0.8,3,30,16.260117934708962,0.45799606884303456,0.7117986144844166,0.6973426716964497,-0.014455942787966913
10,0.8,4,30,16.251573470100084,0.45828088432999725,0.7253572870995771,0.7009651435889581,-0.024392143510619024
10,0.95,0,30,11.828357450526646,0.6057214183157784,0.8250433726449182,0.8148237824560254,-0.010219590188892846
10,0.95,1,30,11.837656636720547,0.6054114454426485,0.8198331310913886,0.8071687570752759,-0.012664374016112645
10,0.95,2,30,11.835977248645863,0.605467425045138,0.8240392772062413,0.8090102716434585,-0.015029005562782749
10,0.95,3,30,11.847830185366533,0.6050723271544489,0.819371484970823,0.8076931326667024,-0.01167835230412062
10,0.95,4,30,11.841500710780274,0.6052833096406576,0.8280539707857069,0.8098798834516907,-0.018174087334016154
10,0.99,0,30,10.443696252302324,0.6518767915899225,0.850063236569203,0.8429677774325569,-0.0070954591366461095
10,0.99,1,30,10.448792038322656,0.6517069320559115,0.8449268206747429,0.8361639326345305,-0.008762888040212413
10,0.99,2,30,10.44866795098317,0.651711068300561,0.8485409642796203,0.8387768434795357,-0.009764120800084597
10,0.99,3,30,10.452375857166597,0.6515874714277801,0.8454212708424773,0.8377339200056342,-0.007687350836843132
10,0.99,4,30,10.44984141249679,0.6516719529167736,0.8502754981384752,0.8382801167320428,-0.011995381406432415
