n_pairs,rho,seed,B,mf,eff_rank,redundancy,rule,allcand,best_fixed,gain,mf0.2,mf0.3,mf0.4,mf0.5,mf0.6,mf0.7,mf0.8,mf0.9,mf1.0
1,0.3,0,14,0.9333333333333333,14.677061063051069,0.021529262463262144,0.8424592726657332,0.8428058837144947,0.8428058837144947,-0.000346611048761547,0.7598295421295032,0.788273785711999,0.8172213822987797,0.8245916805081611,0.8341588336784935,0.8363348014973504,0.8402559479184638,0.8415187184737132,0.8428058837144947
1,0.3,1,14,0.9333333333333333,14.679919954342816,0.02133866971047893,0.8414731937440092,0.8421564526194355,0.8421564526194355,-0.0006832588754263069,0.7548892961555214,0.7846111587137301,0.8148800556574067,0.8233984449608893,0.8335676108509668,0.835981204353788,0.8396755459979378,0.8414185015431772,0.8421564526194355
1,0.3,2,14,0.9333333333333333,14.681985520647721,0.02120096529015192,0.8372790120127258,0.8369828683976543,0.8369828683976543,0.0002961436150714647,0.7580143858051136,0.7857334647794585,0.8150149112531831,0.8221204515610967,0.8303493261319611,0.8318983143196043,0.8359161124129615,0.8369476963544844,0.8369828683976543
1,0.3,3,14,0.9333333333333333,14.681217587960171,0.02125216080265524,0.8483367276549599,0.8484345022743941,0.8484345022743941,-9.777461943416554e-05,0.7629273389362071,0.7926616381801918,0.822687334264209,0.830474811635647,0.8396758037849041,0.8420820624461787,0.8456425665652936,0.8469825890296293,0.8484345022743941
1,0.3,4,14,0.9333333333333333,14.683616311752216,0.02109224588318559,0.8410479799304902,0.8410180933938812,0.8410180933938812,2.988653660895846e-05,0.7557044040189578,0.7865304678978995,0.8164252370755056,0.8228570846411533,0.8336687133942606,0.8365555646548739,0.8386561491176794,0.8400466872813235,0.8410180933938812
1,0.6,0,14,0.9333333333333333,14.322895035413179,0.045140330972454734,0.8417013684730679,0.8413418195271025,0.8413418195271025,0.0003595489459653489,0.763820884094486,0.7906897397226714,0.8187117798377722,0.8254604091754596,0.8334168902778689,0.835016335634374,0.8392892245888718,0.8405496264309416,0.8413418195271025
1,0.6,1,14,0.9333333333333333,14.328657639576942,0.04475615736153715,0.8394436398245976,0.8404245627350933,0.8404245627350933,-0.000980922910495674,0.7589783944317221,0.7870321453049038,0.8153852393277257,0.8225598851197413,0.8327128810256184,0.8341826887149095,0.8377002783252255,0.8393169722396333,0.8404245627350933
1,0.6,2,14,0.9333333333333333,14.326556291715528,0.04489624721896479,0.8357512688529509,0.8359325681479557,0.8360009786411327,-0.0001812992950047665,0.7616611545870413,0.7881273203613228,0.8154935168905952,0.8222509847659785,0.8292436970359851,0.8305269815182811,0.8340226467274054,0.8360009786411327,0.8359325681479557
1,0.6,3,14,0.9333333333333333,14.329506268102648,0.04469958212649017,0.8468833635104485,0.8474583388348772,0.8474583388348772,-0.0005749753244287392,0.7684221099080812,0.7954766896489185,0.8227253791816462,0.8300222850104826,0.8388287869707046,0.8405127806859501,0.8446069437529233,0.8457784822542531,0.8474583388348772
1,0.6,4,14,0.9333333333333333,14.330641094067984,0.04462392706213447,0.8392439831884277,0.8402008612477725,0.8402008612477725,-0.0009568780593447457,0.7607406771708011,0.7895706419040783,0.8173915690628414,0.822679348338899,0.8325401738648479,0.8351791561107846,0.8376617477454594,0.8391146540114862,0.8402008612477725
1,0.9,0,14,0.9333333333333333,13.887504474537671,0.07416636836415524,0.8412722149193402,0.8417645570578536,0.8417645570578536,-0.0004923421385133464,0.7705452650037056,0.7954461871437843,0.8220013532835384,0.8273209908439696,0.8344726581618259,0.8355605550577913,0.8398966140445779,0.8400391592544068,0.8417645570578536
1,0.9,1,14,0.9333333333333333,13.891274680195243,0.07391502132031713,0.8396751040944204,0.839621313158074,0.839621313158074,5.379093634638732e-05,0.76727092946652,0.7920336027503863,0.8174100912615633,0.824121917328055,0.8338654067702249,0.8348897334390994,0.8376305019872999,0.8390169513998724,0.839621313158074
1,0.9,2,14,0.9333333333333333,13.887980255070081,0.07413464966199457,0.8352436140383939,0.8355921370020689,0.8355921370020689,-0.0003485229636750464,0.7679020507930967,0.7928288424689466,0.8171141102587587,0.8240617070496326,0.8301523532323968,0.83066800208197,0.8347192500776536,0.835242670460416,0.8355921370020689
1,0.9,3,14,0.9333333333333333,13.89176487011057,0.07388234199262866,0.8464935445734464,0.8465992931483367,0.8465992931483367,-0.00010574857489031864,0.7751789082329432,0.8007325811342687,0.8258408487790576,0.8314796723119612,0.8391078337643697,0.8411064673102693,0.8444927252982075,0.8456851183586024,0.8465992931483367
1,0.9,4,14,0.9333333333333333,13.89199845163601,0.07386676989093266,0.8403398058987842,0.840422872567512,0.840422872567512,-8.306666872781587e-05,0.768642532262482,0.7937025257010999,0.8208016732239167,0.8261966620019997,0.833754780128514,0.836717460252887,0.8381339813636208,0.8389548963328899,0.840422872567512
1,0.99,0,14,0.9333333333333333,13.702586750420423,0.08649421663863843,0.8432633189429317,0.8430176504813958,0.8430176504813958,0.0002456684615359528,0.7737094316639085,0.7981461852278605,0.822863945533429,0.8291868190285373,0.8363096327239808,0.8379972863781294,0.8409162676360247,0.8414082764718831,0.8430176504813958
1,0.99,1,14,0.9333333333333333,13.70341561366535,0.0864389590889767,0.841167444274632,0.8410770209696102,0.8410770209696102,9.042330502173623e-05,0.7698087097979065,0.7950622745032315,0.8202954607508133,0.8271415428453417,0.8342379756365017,0.8370665926241495,0.8388199451994243,0.8405928741175421,0.8410770209696102
1,0.99,2,14,0.9333333333333333,13.702002505419058,0.08653316630539609,0.8363969240545317,0.8368924105551927,0.8368924105551927,-0.0004954865006610021,0.7700010415794378,0.7936819598018932,0.8194837415490416,0.8245628478942689,0.8308997817707475,0.831949811293363,0.8348212410601816,0.8365452550157988,0.8368924105551927
1,0.99,3,14,0.9333333333333333,13.703967536707463,0.08640216421950242,0.8483444444446593,0.848667708833837,0.848667708833837,-0.00032326438917773537,0.7785695934492328,0.8032802160918824,0.8282049155782195,0.8335818037476416,0.8410911530821138,0.8432994358700486,0.8457370289741686,0.8466568342225539,0.848667708833837
1,0.99,4,14,0.9333333333333333,13.704435190332617,0.08637098731115889,0.8417525038457239,0.8413422730763164,0.8413422730763164,0.0004102307694074936,0.7716832849803867,0.7974957712530836,0.8223683002738542,0.8283046554919813,0.8351624268951786,0.838843119854649,0.8396525891056247,0.8405782530376202,0.8413422730763164
3,0.3,0,12,0.8,14.069950632593578,0.06200329116042813,0.6726497627738903,0.6742917340493697,0.6742917340493697,-0.0016419712754793814,0.6099904870438616,0.6345476376338176,0.6570621490753676,0.6638541637533764,0.669914902525955,0.6713001416518172,0.6726497627738903,0.6734412694074898,0.6742917340493697
3,0.3,1,12,0.8,14.06098626915232,0.06260091538984536,0.6649915849580128,0.6658376823789172,0.6658376823789172,-0.000846097420904357,0.5959580578488133,0.6218346475098153,0.644880853723524,0.652227076991202,0.6591431955424614,0.6613603220773563,0.6649915849580128,0.6654753428454332,0.6658376823789172
3,0.3,2,12,0.8,14.078055605388862,0.061462959640742554,0.6698020560521585,0.6699089134426908,0.6705470900960513,-0.00010685739053228893,0.6071867175355201,0.6316343511494822,0.6543290296189691,0.6600924755410662,0.666795365165239,0.6686086899137527,0.6698020560521585,0.6705470900960513,0.6699089134426908
3,0.3,3,12,0.8,14.07280434116269,0.06181304392248732,0.6799860133014446,0.6810402795185359,0.6810402795185359,-0.0010542662170912598,0.6142372855415996,0.638923927464537,0.6622123051583186,0.6670358245194,0.6745515368851256,0.6775227293125894,0.6799860133014446,0.6804327373443102,0.6810402795185359
3,0.3,4,12,0.8,14.078046206061375,0.061463586262574976,0.6718651422197496,0.672267740392761,0.672267740392761,-0.00040259817301147027,0.6046632786344275,0.6289249230505045,0.6528795728969182,0.660137220272377,0.6665923346256306,0.6694817746283278,0.6718651422197496,0.6718482347979468,0.672267740392761
3,0.6,0,12,0.8,13.082114015232685,0.12785906565115435,0.6706184023133028,0.6723301845438977,0.6723301845438977,-0.0017117822305948716,0.618805321981962,0.6370213896539726,0.6562996242608452,0.662319114163221,0.6671280005655774,0.6693073237249257,0.6706184023133028,0.6715639227750525,0.6723301845438977
3,0.6,1,12,0.8,13.075671245885252,0.12828858360764994,0.6618342102014241,0.6633700093449173,0.6633700093449173,-0.0015357991434932217,0.6048862012650235,0.623403432401648,0.6454230672997618,0.6492913794134441,0.6553074388492246,0.6581152676822715,0.6618342102014241,0.6616406209991392,0.6633700093449173
3,0.6,2,12,0.8,13.085893225656482,0.12760711828956783,0.6668815948415467,0.6675067350021751,0.6675067350021751,-0.0006251401606283125,0.6151306976731163,0.6350976256126197,0.6530669730872145,0.6581323592386232,0.6622057497006224,0.6642704372174809,0.6668815948415467,0.6661172134602892,0.6675067350021751
3,0.6,3,12,0.8,13.085297992747822,0.12764680048347854,0.675404561534779,0.6786580144591623,0.6786580144591623,-0.003253452924383282,0.6207303713805865,0.6401947313308884,0.6602204004701632,0.6653949989545221,0.6711226267197432,0.6743862010070092,0.675404561534779,0.6773224259121133,0.6786580144591623
3,0.6,4,12,0.8,13.087065205620656,0.1275289862919563,0.6686258392860933,0.670156105521985,0.670156105521985,-0.0015302662358916974,0.6158365206418319,0.633776179663867,0.6532984865111928,0.6578290440507284,0.6638204195681161,0.6661578945311226,0.6686258392860933,0.6693925219870478,0.670156105521985
3,0.9,0,12,0.8,11.920452634077446,0.20530315772817032,0.67059187919618,0.6696823402025345,0.67059187919618,0.0009095389936455422,0.6327572781047748,0.6465843137229363,0.6595236331109948,0.6634366033526385,0.6677490229319825,0.6681484146788583,0.67059187919618,0.6698092318409301,0.6696823402025345
3,0.9,1,12,0.8,11.91902169304793,0.20539855379680472,0.6603397198943908,0.6623212275204715,0.6623212275204715,-0.0019815076260807363,0.6182299492924856,0.631465778524602,0.6478532730354758,0.6523011567429013,0.6569947700079186,0.6596661367588531,0.6603397198943908,0.6614215171114133,0.6623212275204715
3,0.9,2,12,0.8,11.920114531905133,0.20532569787299115,0.665003942618412,0.6663103464015323,0.6663103464015323,-0.0013064037831203024,0.6268807403791488,0.6418555438899414,0.6551384905889379,0.6592024092926467,0.6618675829970138,0.6624166360686132,0.665003942618412,0.664926078062891,0.6663103464015323
3,0.9,3,12,0.8,11.922434013730863,0.20517106575127586,0.6749172560622977,0.6763571234788675,0.6763571234788675,-0.0014398674165697622,0.6343128630928743,0.6521058468835514,0.6648412367373548,0.6680704309004669,0.6729337483100123,0.6733350436258417,0.6749172560622977,0.6758424310441993,0.6763571234788675
3,0.9,4,12,0.8,11.921735861274087,0.20521760924839427,0.667602599820732,0.6693222263990461,0.6693222263990461,-0.0017196265783141484,0.6259961801342484,0.643804054973808,0.6576989918552698,0.660651867546501,0.6646487836176762,0.6656708528106254,0.667602599820732,0.6689007013150531,0.6693222263990461
3,0.99,0,12,0.8,11.444417519692243,0.23703883202051712,0.6703263500513649,0.6716596930357404,0.6716596930357404,-0.0013333429843754852,0.6384899971483791,0.6510180203971515,0.661274192227201,0.6649965655601937,0.6682732135083065,0.6693227487005258,0.6703263500513649,0.6714296652602323,0.6716596930357404
3,0.99,1,12,0.8,11.444597221599352,0.23702685189337658,0.6612528621993093,0.6633111699982588,0.6633111699982588,-0.0020583077989494436,0.62489070315837,0.6379592118601609,0.6496726418315881,0.6544483493124179,0.6581714126199056,0.6596601969740858,0.6612528621993093,0.6618427049665736,0.6633111699982588
3,0.99,2,12,0.8,11.444186402660309,0.23705423982264606,0.6649212237609308,0.6658498690427508,0.6658498690427508,-0.0009286452818200175,0.6326648444038057,0.6438414944655871,0.657521134026134,0.6606474382812143,0.6622619044888263,0.6645553886988627,0.6649212237609308,0.6654912589113924,0.6658498690427508
3,0.99,3,12,0.8,11.44549316020677,0.236967122652882,0.6767246915650216,0.6778468001096902,0.6778468001096902,-0.001122108544668654,0.6433876849887703,0.6560936483576321,0.6685530536098636,0.6699110242126024,0.674733520209803,0.6754425836945299,0.6767246915650216,0.6765835549111767,0.6778468001096902
3,0.99,4,12,0.8,11.445332545589402,0.23697783029403985,0.6699829364746044,0.6705915485367746,0.6705915485367746,-0.0006086120621702218,0.6344329976090953,0.6488498026281224,0.6611314022276313,0.6636401772941238,0.6673024043654703,0.6678726809182254,0.6699829364746044,0.67003619304189,0.6705915485367746
5,0.3,0,10,0.6666666666666666,13.477109633224263,0.10152602445171577,0.46534293168022567,0.4650320081477285,0.46564552576612206,0.00031092353249717597,0.4319121037692326,0.44590265189708844,0.4616088237641234,0.46395826544881924,0.46564552576612206,0.46534293168022567,0.46542008375072497,0.46518709636140276,0.4650320081477285
5,0.3,1,10,0.6666666666666666,13.47905649255847,0.1013962338294353,0.4594749926522984,0.45928308706649756,0.4609245741810837,0.0001919055858008445,0.42540330170136353,0.44052975467158784,0.45412884550730004,0.4571283057074156,0.46043042874347007,0.4594749926522984,0.4609245741810837,0.4596077410607441,0.45928308706649756
5,0.3,2,10,0.6666666666666666,13.501133095664112,0.09992446028905921,0.4643310937745415,0.4629785437107016,0.46434694583153,0.0013525500638399413,0.43135432199558577,0.4473347100784597,0.4601405722554013,0.46241551084961074,0.4639898029288383,0.4643310937745415,0.46434694583153,0.46233637116132575,0.4629785437107016
5,0.3,3,10,0.6666666666666666,13.497735343128577,0.10015097712476151,0.47319303907707944,0.4730454701675876,0.47323757907730435,0.00014756890949185753,0.4346246779318377,0.45231923506269434,0.46730450228532083,0.46963280979789224,0.47195044278332254,0.47319303907707944,0.47152751895859235,0.47323757907730435,0.4730454701675876
5,0.3,4,10,0.6666666666666666,13.49383008671014,0.10041132755265736,0.46120534973203087,0.46297135330218664,0.4635106250980403,-0.001766003570155772,0.42410276754560994,0.4414376161431308,0.4553765132336055,0.4588882703966942,0.4635106250980403,0.46120534973203087,0.4622730082244978,0.46345729984871986,0.46297135330218664
5,0.6,0,10,0.6666666666666666,11.932777682013503,0.20448148786576648,0.46663610391296284,0.4638130474032053,0.46663610391296284,0.00282305650975756,0.4413612304287816,0.45331897041739655,0.4615389427846973,0.46373231274085824,0.4645387600547839,0.46663610391296284,0.46530912980356587,0.4646532662109355,0.4638130474032053
5,0.6,1,10,0.6666666666666666,11.935467832122498,0.20430214452516682,0.45906778646378377,0.45897447840463224,0.4596461375713847,9.330805915153118e-05,0.43492168620299576,0.44458062943035437,0.4552786619725734,0.45644223719265653,0.45927347456084877,0.45906778646378377,0.4596461375713847,0.45961414320916405,0.45897447840463224
5,0.6,2,10,0.6666666666666666,11.954029906730815,0.20306467288461227,0.46388531588533444,0.4628935493880202,0.46428531074744084,0.0009917664973142504,0.44096880721675946,0.45311917254252554,0.4617877237946262,0.4625163401681469,0.4639558993587669,0.46388531588533444,0.46428531074744084,0.4626290844558296,0.4628935493880202
5,0.6,3,10,0.6666666666666666,11.953558428829222,0.2030961047447185,0.47184908230404743,0.47063837938766384,0.4719450094127633,0.001210702916383588,0.4469260557982815,0.4580741136454103,0.4663559189669869,0.4689141842126823,0.47090350603195164,0.47184908230404743,0.47163745485956765,0.4719450094127633,0.47063837938766384
5,0.6,4,10,0.6666666666666666,11.94514185980219,0.20365720934652065,0.4612213588430526,0.4609451751447964,0.4612625714826529,0.000276183698256216,0.4355963858915396,0.44572959942697166,0.4571910351347208,0.46024500187529593,0.46000660486794853,0.4612213588430526,0.45995002411822994,0.4612625714826529,0.4609451751447964
5,0.9,0,10,0.6666666666666666,10.223811051178151,0.31841259658812326,0.46451301551972424,0.46279871186217403,0.4654025660255008,0.001714303657550209,0.46015492464791785,0.4637755154206158,0.46533137007775327,0.4654025660255008,0.4649009853554429,0.46451301551972424,0.4640000446613921,0.4636816792615247,0.46279871186217403
5,0.9,1,10,0.6666666666666666,10.225541468880442,0.3182972354079705,0.4571945795517731,0.45689686819355635,0.45930430420418533,0.00029771135821676786,0.4534520980783009,0.45422094317601613,0.458803467854639,0.45769204488762416,0.4579911782138909,0.45719457955177323,0.4573381833928155,0.45930430420418533,0.45689686819355635
5,0.9,2,10,0.6666666666666666,10.231199053209203,0.3179200631193865,0.46171903139006787,0.45995547431679884,0.4643440813457379,0.0017635570732690287,0.4553191175671242,0.46126232784342236,0.4625281360364336,0.4643440813457379,0.4621200375610589,0.46171903139006787,0.460732272402125,0.46078056422462,0.45995547431679884
5,0.9,3,10,0.6666666666666666,10.232425698808283,0.3178382867461145,0.46936918744874834,0.46870971832962516,0.46936918744874834,0.0006594691191231794,0.4634086777363784,0.4668269221750495,0.4689131184956662,0.46875965572289335,0.46884663799425563,0.46936918744874834,0.4686403372102067,0.4692536289814244,0.46870971832962516
5,0.9,4,10,0.6666666666666666,10.227429131921225,0.3181713912052516,0.4606133471709629,0.45777216415129884,0.4606133471709629,0.002841183019664073,0.45262124857078534,0.4561923888307179,0.46040838285838903,0.46049119746233935,0.45953692180777383,0.4606133471709629,0.45872819289324795,0.4591129750618762,0.45777216415129884
5,0.99,0,10,0.6666666666666666,9.557184107646982,0.3628543928235345,0.462645423698387,0.45990295914828394,0.4679833435026859,0.002742464550103074,0.4668707661436604,0.4679833435026859,0.46663377513744686,0.4650115185841943,0.46215091064260583,0.462645423698387,0.4611131665354966,0.4602889977819177,0.45990295914828394
5,0.99,1,10,0.6666666666666666,9.558039246310585,0.36279738357929436,0.45652514200189376,0.45507814485714393,0.4616963206839765,0.0014469971447498287,0.46051755093855806,0.4616963206839765,0.4595712824698792,0.45770039027957754,0.45768962624319354,0.45652514200189376,0.4551140786268877,0.4552534038169608,0.45507814485714393
5,0.99,2,10,0.6666666666666666,9.558149634434354,0.362790024371043,0.45804596922811047,0.45596570187799734,0.4631091710763452,0.0020802673501131297,0.4625189890480129,0.4631091710763452,0.46176454861698935,0.4617055211941057,0.45909430456129907,0.45804596922811047,0.4561588674930601,0.45519470950011565,0.45596570187799734
5,0.99,3,10,0.6666666666666666,9.558924359269575,0.36273837604869497,0.4644027892899726,0.4630796932789555,0.46938558755272164,0.0013230960110170997,0.46929552314704315,0.46938558755272164,0.4679470749490906,0.4662222678193564,0.46503181632245627,0.4644027892899726,0.4629945417091895,0.463470689643527,0.4630796932789555
5,0.99,4,10,0.6666666666666666,9.558053839556168,0.36279641069625546,0.45786970992291287,0.45399407371023215,0.46249585423520656,0.003875636212680722,0.45935313739231365,0.46249585423520656,0.4608159396680833,0.4611816685646033,0.4591676493440552,0.45786970992291287,0.45693786857111285,0.4570540531718139,0.45399407371023215
7,0.3,0,8,0.5333333333333333,12.916178344829788,0.13892144367801407,0.46565618803348785,0.46574101293626935,0.467481798622546,-8.482490278149957e-05,0.4313194342774791,0.4461209490549485,0.4604015651895176,0.46408428196462415,0.46696318676006177,0.46640161064507035,0.467481798622546,0.4656049791845279,0.46574101293626935
7,0.3,1,8,0.5333333333333333,12.926766051704034,0.13821559655306437,0.45805648407558497,0.45880958498619795,0.4605777659298447,-0.0007531009106129805,0.42461457619777154,0.4415285221167924,0.4533116498903993,0.4567419332272098,0.4580295212293247,0.46040787035450037,0.4605777659298447,0.45981162677685783,0.45880958498619795
7,0.3,2,8,0.5333333333333333,12.946727483665383,0.1368848344223078,0.4640186651795808,0.4625293820986309,0.46467512568020775,0.0014892830809498658,0.43100971168677593,0.446216019558346,0.45897341257200097,0.46223891559136554,0.4630873895324097,0.46467512568020775,0.46402668444592055,0.4634750739384441,0.4625293820986309
7,0.3,3,8,0.5333333333333333,12.926915648323423,0.13820562344510512,0.4709646226401577,0.4737552194958815,0.47403855592835964,-0.0027905968557238037,0.43683263585448673,0.4542859528183565,0.46814028884090564,0.46962928159707396,0.47278528219911375,0.47403855592835964,0.47401619462572875,0.4735661384253026,0.4737552194958815
7,0.3,4,8,0.5333333333333333,12.926240529750165,0.13825063134998894,0.46039750790820766,0.46361658033079167,0.46406739207734715,-0.003219072422584013,0.4261445345925632,0.4417836310257409,0.45632829523282226,0.45935413512346424,0.4629664502914377,0.461774096972393,0.46233342292922774,0.46406739207734715,0.46361658033079167
7,0.6,0,8,0.5333333333333333,10.892968755689257,0.2738020829540495,0.4642222599344007,0.4652632378625253,0.46585445585237606,-0.0010409779281246312,0.4430304712513129,0.4515202813824395,0.46165532940782184,0.4631988843859022,0.4655259970999468,0.46565755150538934,0.46585445585237606,0.46535261017591745,0.4652632378625253
7,0.6,1,8,0.5333333333333333,10.90532183051731,0.2729785446321793,0.4582444334528919,0.4578796974347318,0.459232995171178,0.0003647360181601167,0.4343650916420969,0.44389377598538937,0.4544072680290536,0.45551230286059863,0.4578342259074918,0.45835809574184916,0.459232995171178,0.45851371803114727,0.4578796974347318
7,0.6,2,8,0.5333333333333333,10.92113670978517,0.2719242193476553,0.46302086994578884,0.46269986794539,0.46352024560323635,0.0003210020003988623,0.4415680295114601,0.4522525671491612,0.4606707651851436,0.4618462187504986,0.46294087137875417,0.46349450676513304,0.46352024560323635,0.4629753325152881,0.46269986794539
7,0.6,3,8,0.5333333333333333,10.905658936672616,0.2729560708884923,0.47047843456940674,0.4723374035274053,0.4723374035274053,-0.0018589689579985302,0.4468349082501256,0.4586409422836454,0.4673659419513563,0.4693855764409426,0.4706228530899994,0.4716603430337487,0.47231111819231664,0.4721837720697647,0.4723374035274053
7,0.6,4,8,0.5333333333333333,10.902634013340672,0.27315773244395525,0.4592980714026579,0.4608041716571566,0.4608041716571566,-0.00150610025449871,0.43634772847609105,0.4470691108794008,0.4567200869156737,0.4582893057200743,0.4592820351251632,0.4600544883903688,0.4604294947619392,0.46068206246240206,0.4608041716571566
7,0.9,0,8,0.5333333333333333,8.77269804100216,0.4151534639331893,0.46378992321528967,0.46251309598832624,0.4646710365500579,0.0012768272269634284,0.4597680501563781,0.46250043055097956,0.4645839771887147,0.46426836086071854,0.4646710365500579,0.46401246563642307,0.4632525144826388,0.4636258422967888,0.46251309598832624
7,0.9,1,8,0.5333333333333333,8.77822199113763,0.4147852005908247,0.45712496793355484,0.4547923377446351,0.4579772703585626,0.0023326301889197154,0.4520647409468267,0.4544253961315675,0.45615356189308687,0.4579772703585626,0.4555465969019318,0.45505337075429875,0.45630939429516626,0.45531101620741754,0.4547923377446351
7,0.9,2,8,0.5333333333333333,8.782669732149504,0.4144886845233664,0.46157701069291424,0.45827369449128075,0.46147925917138244,0.0033033162016334883,0.45581901674429526,0.4586467833385566,0.46147925917138244,0.46061683934051323,0.46127734457528125,0.4596873431732812,0.4594801097444464,0.45851328527046686,0.45827369449128075
7,0.9,3,8,0.5333333333333333,8.778385959742858,0.4147742693504761,0.4678167357340147,0.4673575312448275,0.4683135264504077,0.0004592044891872371,0.46430571732747083,0.46515310863328607,0.4670176378098061,0.4683135264504077,0.46817504414459954,0.46799909014558383,0.467776442559815,0.4676636518479864,0.4673575312448275
7,0.9,4,8,0.5333333333333333,8.77631327261469,0.414912448492354,0.45706715199288894,0.4565263116755769,0.45976759357121166,0.0005408403173120524,0.4513092437931131,0.45508588103171577,0.45976759357121166,0.4584688421047052,0.45894316014579684,0.4591416751661578,0.4568831155309905,0.4579223635786459,0.4565263116755769
7,0.99,0,8,0.5333333333333333,7.982074224539927,0.4678617183640049,0.46149591314971194,0.45779875785250745,0.4654715770790473,0.0036971552972044908,0.4654715770790473,0.4654618194650961,0.46482556799103036,0.4637269396564624,0.46208004855748674,0.4604816185468501,0.4603580303639604,0.4573461151467253,0.45779875785250745
7,0.99,1,8,0.5333333333333333,7.983054987050059,0.4677963341966628,0.4550108678809093,0.45158655913108536,0.4581131782469936,0.003424308749823912,0.45697677093536826,0.4581131782469936,0.4579392290977813,0.45555222507381066,0.45336173421358494,0.45313194306998117,0.4521319737644517,0.45200577414019716,0.45158655913108536
7,0.99,2,8,0.5333333333333333,7.983123730684606,0.4677917512876929,0.45636919922336094,0.4512498544634119,0.46105556104819256,0.005119344759949018,0.45895801832991556,0.46105556104819256,0.45866010101928023,0.45778799254040736,0.4546876515318743,0.45454045683375,0.4527153324239762,0.451506144777267,0.4512498544634119
7,0.99,3,8,0.5333333333333333,7.983087299706142,0.4677941800195905,0.4648567472727383,0.45957157757318035,0.46880714867634055,0.005285169699557946,0.46880714867634055,0.468448756170073,0.465384613453506,0.46409422895357166,0.46361935699442225,0.462970805444357,0.4600530990569127,0.46111637799791083,0.45957157757318035
7,0.99,4,8,0.5333333333333333,7.982505155083125,0.46783298966112496,0.4591780021802647,0.45214326940817307,0.4609555654108889,0.007034732772091656,0.4599715813801798,0.4609555654108889,0.4592067767613436,0.45867953369693004,0.45728803976274035,0.4556566745024039,0.4543863159562783,0.4556103021756147,0.45214326940817307
