setting,seed,dataset,model,region,n,M,r2,mae,cfg
transfer,42,held out,Dynamic ET,all,887,15.0,0.7990081714096028,0.0556947376621738,"{'tau': 0.9, 'min_samples_leaf': 1, 'max_depth': 24, 'min_samples_split': 2}"
transfer,42,held out,Dynamic ET,OTM,274,15.0,0.8127297976322708,0.0479551056031534,
transfer,42,held out,Dynamic ET,ATM,305,15.0,0.8210075387897736,0.04975371836694289,
transfer,42,held out,Dynamic ET,ITM,292,15.0,0.7736204736859169,0.06758839795780351,
transfer,42,2017 European,Dynamic ET,all,1700,15.0,0.060837194458891575,0.10445290500770862,"{'tau': 0.9, 'min_samples_leaf': 1, 'max_depth': 24, 'min_samples_split': 2}"
transfer,42,2017 European,Dynamic ET,OTM,412,15.0,0.4360730653428968,0.08250729567224424,
transfer,42,2017 European,Dynamic ET,ATM,772,15.0,-0.16339329128058955,0.10419655670569031,
transfer,42,2017 European,Dynamic ET,ITM,494,15.0,-0.09799923128018118,0.1231005107238862,
transfer,42,"12,110 American",Dynamic ET,all,11563,15.0,-0.27348945859765106,0.166775622125315,"{'tau': 0.9, 'min_samples_leaf': 1, 'max_depth': 24, 'min_samples_split': 2}"
transfer,42,"12,110 American",Dynamic ET,deep OTM,2524,15.0,0.031157177666819913,0.15475848656487845,
transfer,42,"12,110 American",Dynamic ET,OTM,1812,15.0,-0.5781953916948184,0.17132803616407533,
transfer,42,"12,110 American",Dynamic ET,ATM,1934,15.0,-0.8975270444944199,0.1598267645784367,
transfer,42,"12,110 American",Dynamic ET,ITM,1586,15.0,-0.8538125932473086,0.17166008560990761,
transfer,42,"12,110 American",Dynamic ET,deep ITM,3707,15.0,-0.5991489680355284,0.17426809779982452,
transfer,42,held out,ET-aug,all,887,,0.805897313916798,0.05417185540200525,"{'min_samples_leaf': 1, 'max_depth': 24, 'min_samples_split': 2}"
transfer,42,held out,ET-aug,OTM,274,,0.82771768553695,0.04558488555926888,
transfer,42,held out,ET-aug,ATM,305,,0.8267939469894626,0.04863184677454877,
transfer,42,held out,ET-aug,ITM,292,,0.7777410208588584,0.0664744110548483,
transfer,42,2017 European,ET-aug,all,1700,,0.059283953263784994,0.10363934870503132,"{'min_samples_leaf': 1, 'max_depth': 24, 'min_samples_split': 2}"
transfer,42,2017 European,ET-aug,OTM,412,,0.44793248133897556,0.08135850426488131,
transfer,42,2017 European,ET-aug,ATM,772,,-0.17273803291006984,0.10321271914902866,
transfer,42,2017 European,ET-aug,ITM,494,,-0.10284713286308311,0.12281553743126819,
transfer,42,"12,110 American",ET-aug,all,11563,,-0.3703500601295737,0.17405071199801309,"{'min_samples_leaf': 1, 'max_depth': 24, 'min_samples_split': 2}"
transfer,42,"12,110 American",ET-aug,deep OTM,2524,,-0.09194808601579085,0.16552263566424985,
transfer,42,"12,110 American",ET-aug,OTM,1812,,-0.6942103826562087,0.17789034935358425,
transfer,42,"12,110 American",ET-aug,ATM,1934,,-1.0244014860012958,0.16415018226054637,
transfer,42,"12,110 American",ET-aug,ITM,1586,,-1.013802392858472,0.17838050313859374,
transfer,42,"12,110 American",ET-aug,deep ITM,3707,,-0.6842917760033438,0.18129323089238136,
transfer,42,held out,ET,all,887,,0.8009187295073019,0.05173041933483641,"{'max_features': 1.0, 'min_samples_leaf': 1, 'max_depth': None, 'min_samples_split': 2}"
transfer,42,held out,ET,OTM,274,,0.8488450658239463,0.042083284270072775,
transfer,42,held out,ET,ATM,305,,0.8126741180009872,0.04794953229508183,
transfer,42,held out,ET,ITM,292,,0.769496152868555,0.06313403688356163,
transfer,42,2017 European,ET,all,1700,,0.0546986431740093,0.1036250795294116,"{'max_features': 1.0, 'min_samples_leaf': 1, 'max_depth': None, 'min_samples_split': 2}"
transfer,42,2017 European,ET,OTM,412,,0.4227236262013695,0.0833444024029125,
transfer,42,2017 European,ET,ATM,772,,-0.0856751539764915,0.10035384290155427,
transfer,42,2017 European,ET,ITM,494,,-0.19401650562825123,0.12546620172064757,
transfer,42,"12,110 American",ET,all,11563,,-1.975665443064044,0.2649912847037968,"{'max_features': 1.0, 'min_samples_leaf': 1, 'max_depth': None, 'min_samples_split': 2}"
transfer,42,"12,110 American",ET,deep OTM,2524,,-1.546070902252635,0.26026709392511926,
transfer,42,"12,110 American",ET,OTM,1812,,-3.7288081290146273,0.3072826458151216,
transfer,42,"12,110 American",ET,ATM,1934,,-4.792400328165576,0.28361028338366095,
transfer,42,"12,110 American",ET,ITM,1586,,-3.9763918308434496,0.28057045490983634,
transfer,42,"12,110 American",ET,deep ITM,3707,,-1.541592236937468,0.23115643274750483,
transfer,42,held out,RF,all,887,,0.7702198938186438,0.05481712299887262,"{'max_features': 1.0, 'min_samples_leaf': 1, 'max_depth': None, 'min_samples_split': 2}"
transfer,42,held out,RF,OTM,274,,0.823167213381651,0.045902253771289536,
transfer,42,held out,RF,ATM,305,,0.7676541879392559,0.05120878633879786,
transfer,42,held out,RF,ITM,292,,0.7516312969617149,0.06490679554794523,
transfer,42,2017 European,RF,all,1700,,-0.07421400905241016,0.10566260976470586,"{'max_features': 1.0, 'min_samples_leaf': 1, 'max_depth': None, 'min_samples_split': 2}"
transfer,42,2017 European,RF,OTM,412,,0.373426340528783,0.08316280469255659,
transfer,42,2017 European,RF,ATM,772,,-0.2615576678818792,0.10269915993091536,
transfer,42,2017 European,RF,ITM,494,,-0.35195086037238954,0.1287380888663967,
transfer,42,"12,110 American",RF,all,11563,,-3.3099298206237835,0.3185613781406207,"{'max_features': 1.0, 'min_samples_leaf': 1, 'max_depth': None, 'min_samples_split': 2}"
transfer,42,"12,110 American",RF,deep OTM,2524,,-3.1951575614178216,0.3346932536800051,
transfer,42,"12,110 American",RF,OTM,1812,,-4.549916632576432,0.32908849529378204,
transfer,42,"12,110 American",RF,ATM,1934,,-5.068215088778016,0.28820314551775233,
transfer,42,"12,110 American",RF,ITM,1586,,-5.8293023893699285,0.3338502126597307,
transfer,42,"12,110 American",RF,deep ITM,3707,,-3.5784626661489156,0.3117290987239453,
transfer,7,held out,Dynamic ET,all,887,16.0,0.8328105316831566,0.052371313483652655,"{'tau': 0.95, 'min_samples_leaf': 1, 'max_depth': None, 'min_samples_split': 2}"
transfer,7,held out,Dynamic ET,OTM,285,16.0,0.8424066036868426,0.049476883543859276,
transfer,7,held out,Dynamic ET,ATM,302,16.0,0.875870973945912,0.04626070225165557,
transfer,7,held out,Dynamic ET,ITM,275,16.0,0.810781279518787,0.056926923418181966,
transfer,7,2017 European,Dynamic ET,all,1700,16.0,0.06135856569386722,0.10337040437647053,"{'tau': 0.95, 'min_samples_leaf': 1, 'max_depth': None, 'min_samples_split': 2}"
transfer,7,2017 European,Dynamic ET,OTM,412,16.0,0.4395554844638674,0.08076392109223297,
transfer,7,2017 European,Dynamic ET,ATM,772,16.0,-0.12996377708743756,0.10171874777202068,
transfer,7,2017 European,Dynamic ET,ITM,494,16.0,-0.13670235245709184,0.12456296641700398,
transfer,7,"12,110 American",Dynamic ET,all,11563,16.0,-0.3151390619572012,0.16935842820807734,"{'tau': 0.95, 'min_samples_leaf': 1, 'max_depth': None, 'min_samples_split': 2}"
transfer,7,"12,110 American",Dynamic ET,deep OTM,2524,16.0,0.033956029027554235,0.1538557584425516,
transfer,7,"12,110 American",Dynamic ET,OTM,1812,16.0,-0.5388383270716686,0.16844103904359806,
transfer,7,"12,110 American",Dynamic ET,ATM,1934,16.0,-0.8331940689294381,0.15681470914787984,
transfer,7,"12,110 American",Dynamic ET,ITM,1586,16.0,-0.9978562493163918,0.17927721291866316,
transfer,7,"12,110 American",Dynamic ET,deep ITM,3707,16.0,-0.7259009689704601,0.18266282738953304,
transfer,7,held out,ET-aug,all,887,,0.839502286582615,0.05151611512382481,"{'min_samples_leaf': 1, 'max_depth': 24, 'min_samples_split': 2}"
transfer,7,held out,ET-aug,OTM,285,,0.8501892187901866,0.0486356266180042,
transfer,7,held out,ET-aug,ATM,302,,0.8804669415275864,0.04541090748414733,
transfer,7,held out,ET-aug,ITM,275,,0.8195586692440766,0.05593541652916238,
transfer,7,2017 European,ET-aug,all,1700,,0.05440835478113715,0.1030985401111776,"{'min_samples_leaf': 1, 'max_depth': 24, 'min_samples_split': 2}"
transfer,7,2017 European,ET-aug,OTM,412,,0.4522136209208397,0.07945555112505676,
transfer,7,2017 European,ET-aug,ATM,772,,-0.1462389402128359,0.10148692952012034,
transfer,7,2017 European,ET-aug,ITM,494,,-0.15045830768377,0.1250709431528765,
transfer,7,"12,110 American",ET-aug,all,11563,,-0.41185920687881983,0.1770817471635101,"{'min_samples_leaf': 1, 'max_depth': 24, 'min_samples_split': 2}"
transfer,7,"12,110 American",ET-aug,deep OTM,2524,,-0.07922811758478132,0.1650594479493859,
transfer,7,"12,110 American",ET-aug,OTM,1812,,-0.6992353564992848,0.1786654494797673,
transfer,7,"12,110 American",ET-aug,ATM,1934,,-0.9764710067809093,0.1624997101475525,
transfer,7,"12,110 American",ET-aug,ITM,1586,,-1.1569044904035644,0.18643798030268774,
transfer,7,"12,110 American",ET-aug,deep ITM,3707,,-0.796690586488841,0.18809801057044778,
transfer,7,held out,ET,all,887,,0.8290009920206765,0.05050653149943618,"{'max_features': 1.0, 'min_samples_leaf': 1, 'max_depth': None, 'min_samples_split': 2}"
transfer,7,held out,ET,OTM,285,,0.8491526748974254,0.04717329996491194,
transfer,7,held out,ET,ATM,302,,0.8508091566722632,0.04683231115894033,
transfer,7,held out,ET,ITM,275,,0.818172812628186,0.0531371862181819,
transfer,7,2017 European,ET,all,1700,,0.06651556917584223,0.10275553645882347,"{'max_features': 1.0, 'min_samples_leaf': 1, 'max_depth': None, 'min_samples_split': 2}"
transfer,7,2017 European,ET,OTM,412,,0.42949487844056944,0.08070587990291253,
transfer,7,2017 European,ET,ATM,772,,-0.05442557735438025,0.09926979038860097,
transfer,7,2017 European,ET,ITM,494,,-0.19764370901677109,0.12635687117408906,
transfer,7,"12,110 American",ET,all,11563,,-1.2246690214678884,0.22718039754146838,"{'max_features': 1.0, 'min_samples_leaf': 1, 'max_depth': None, 'min_samples_split': 2}"
transfer,7,"12,110 American",ET,deep OTM,2524,,-0.7714893616703407,0.2132609577904121,
transfer,7,"12,110 American",ET,OTM,1812,,-1.9606973244401247,0.2404909189100439,
transfer,7,"12,110 American",ET,ATM,1934,,-2.669012447897557,0.2256420162843847,
transfer,7,"12,110 American",ET,ITM,1586,,-2.6638864089708245,0.24528126842812079,
transfer,7,"12,110 American",ET,deep ITM,3707,,-1.4305589973660449,0.22320986863312645,
transfer,7,held out,RF,all,887,,0.8368512590989026,0.052570609845922586,"{'max_features': 1.0, 'min_samples_leaf': 1, 'max_depth': None, 'min_samples_split': 2}"
transfer,7,held out,RF,OTM,285,,0.8377086688358054,0.04914452678362575,
transfer,7,held out,RF,ATM,302,,0.881749140576702,0.047258891280353175,
transfer,7,held out,RF,ITM,275,,0.8196431152845863,0.056040810424242415,
transfer,7,2017 European,RF,all,1700,,-0.14518554548678897,0.1096656821764705,"{'max_features': 1.0, 'min_samples_leaf': 1, 'max_depth': None, 'min_samples_split': 2}"
transfer,7,2017 European,RF,OTM,412,,0.35862097177032837,0.0851643471682847,
transfer,7,2017 European,RF,ATM,772,,-0.4275858993582362,0.10931202374784106,
transfer,7,2017 European,RF,ITM,494,,-0.3734788650678593,0.13079946470985146,
transfer,7,"12,110 American",RF,all,11563,,-2.3120191064949154,0.2845241814320965,"{'max_features': 1.0, 'min_samples_leaf': 1, 'max_depth': None, 'min_samples_split': 2}"
transfer,7,"12,110 American",RF,deep OTM,2524,,-2.235839034072869,0.2988833651065767,
transfer,7,"12,110 American",RF,OTM,1812,,-3.177885575581855,0.28736006006493736,
transfer,7,"12,110 American",RF,ATM,1934,,-3.4185529128350387,0.2488049150858324,
transfer,7,"12,110 American",RF,ITM,1586,,-4.406971770902162,0.3017968983154686,
transfer,7,"12,110 American",RF,deep ITM,3707,,-2.5690451096121056,0.28460655004810703,
transfer,101,held out,Dynamic ET,all,887,15.0,0.8044931238235195,0.051772452975385116,"{'tau': 0.9, 'min_samples_leaf': 1, 'max_depth': None, 'min_samples_split': 5}"
transfer,101,held out,Dynamic ET,OTM,276,15.0,0.7429392279178704,0.054885568949275196,
transfer,101,held out,Dynamic ET,ATM,305,15.0,0.8722806327359424,0.04034847619125679,
transfer,101,held out,Dynamic ET,ITM,292,15.0,0.811147170369066,0.058549992051940614,
transfer,101,2017 European,Dynamic ET,all,1700,15.0,0.09052618511633803,0.1019292265382353,"{'tau': 0.9, 'min_samples_leaf': 1, 'max_depth': None, 'min_samples_split': 5}"
transfer,101,2017 European,Dynamic ET,OTM,412,15.0,0.4416807901896729,0.08039229020428797,
transfer,101,2017 European,Dynamic ET,ATM,772,15.0,-0.13627805302443652,0.10207100860319517,
transfer,101,2017 European,Dynamic ET,ITM,494,15.0,-0.04108201769626896,0.1194860047655196,
transfer,101,"12,110 American",Dynamic ET,all,11563,15.0,-0.39870912884805376,0.17649923121103228,"{'tau': 0.9, 'min_samples_leaf': 1, 'max_depth': None, 'min_samples_split': 5}"
transfer,101,"12,110 American",Dynamic ET,deep OTM,2524,15.0,-0.08808093495845148,0.16498274323646317,
transfer,101,"12,110 American",Dynamic ET,OTM,1812,15.0,-0.7303403061903944,0.18138592852897328,
transfer,101,"12,110 American",Dynamic ET,ATM,1934,15.0,-1.0103025137160606,0.16597992814003784,
transfer,101,"12,110 American",Dynamic ET,ITM,1586,15.0,-1.100657849889151,0.1842503306389239,
transfer,101,"12,110 American",Dynamic ET,deep ITM,3707,15.0,-0.7425467083836521,0.18412372771882035,
transfer,101,held out,ET-aug,all,887,,0.8038322429384716,0.05074949201803816,"{'min_samples_leaf': 1, 'max_depth': None, 'min_samples_split': 2}"
transfer,101,held out,ET-aug,OTM,276,,0.7389708168244968,0.053264673514492475,
transfer,101,held out,ET-aug,ATM,305,,0.8729104716725122,0.03984769363934408,
transfer,101,held out,ET-aug,ITM,292,,0.8118952703204101,0.057661014965753356,
transfer,101,2017 European,ET-aug,all,1700,,0.09418470129196688,0.10069750142941161,"{'min_samples_leaf': 1, 'max_depth': None, 'min_samples_split': 2}"
transfer,101,2017 European,ET-aug,OTM,412,,0.46328152973682446,0.07810943087378626,
transfer,101,2017 European,ET-aug,ATM,772,,-0.1398785456093239,0.10110451773316055,
transfer,101,2017 European,ET-aug,ITM,494,,-0.04299562855713823,0.118564690425101,
transfer,101,"12,110 American",ET-aug,all,11563,,-0.5116032233882206,0.1841646593397906,"{'min_samples_leaf': 1, 'max_depth': None, 'min_samples_split': 2}"
transfer,101,"12,110 American",ET-aug,deep OTM,2524,,-0.23882164722162802,0.17718904543066555,
transfer,101,"12,110 American",ET-aug,OTM,1812,,-0.8876796091639008,0.18989180321467986,
transfer,101,"12,110 American",ET-aug,ATM,1934,,-1.1671805851931274,0.17205226933712503,
transfer,101,"12,110 American",ET-aug,ITM,1586,,-1.2064890055387725,0.18793370039028975,
transfer,101,"12,110 American",ET-aug,deep ITM,3707,,-0.8480760487725032,0.19082139739330975,
transfer,101,held out,ET,all,887,,0.8416162974560515,0.04786095940435919,"{'max_features': 0.85, 'min_samples_leaf': 1, 'max_depth': None, 'min_samples_split': 5}"
transfer,101,held out,ET,OTM,276,,0.8058433680602298,0.050249748463164094,
transfer,101,held out,ET,ATM,305,,0.8690561739369522,0.039900152270491714,
transfer,101,held out,ET,ITM,292,,0.858046847912965,0.05174116865582194,
transfer,101,2017 European,ET,all,1700,,0.11172147393598986,0.10080166799068623,"{'max_features': 0.85, 'min_samples_leaf': 1, 'max_depth': None, 'min_samples_split': 5}"
transfer,101,2017 European,ET,OTM,412,,0.4464640151620005,0.07965958412014554,
transfer,101,2017 European,ET,ATM,772,,-0.05440135102616983,0.09992017882556128,
transfer,101,2017 European,ET,ITM,494,,-0.07578145120201274,0.1197957232860998,
transfer,101,"12,110 American",ET,all,11563,,-1.7289735334403913,0.25572668730085935,"{'max_features': 0.85, 'min_samples_leaf': 1, 'max_depth': None, 'min_samples_split': 5}"
transfer,101,"12,110 American",ET,deep OTM,2524,,-1.1834627632849037,0.2406390896424331,
transfer,101,"12,110 American",ET,OTM,1812,,-3.0838799426284096,0.2861072869630246,
transfer,101,"12,110 American",ET,ATM,1934,,-4.1987579608692105,0.27220618142459513,
transfer,101,"12,110 American",ET,ITM,1586,,-3.650679244880907,0.27512100852994964,
transfer,101,"12,110 American",ET,deep ITM,3707,,-1.5517713367045807,0.2342539909958639,
transfer,101,held out,RF,all,887,,0.8265764515422467,0.05069813404735066,"{'max_features': 0.5, 'min_samples_leaf': 1, 'max_depth': None, 'min_samples_split': 2}"
transfer,101,held out,RF,OTM,276,,0.794533481779157,0.05364707101449281,
transfer,101,held out,RF,ATM,305,,0.8552872497892918,0.042092845245901685,
transfer,101,held out,RF,ITM,292,,0.8398337305487853,0.05456352248858451,
transfer,101,2017 European,RF,all,1700,,0.0862937611552389,0.10191033127450978,"{'max_features': 0.5, 'min_samples_leaf': 1, 'max_depth': None, 'min_samples_split': 2}"
transfer,101,2017 European,RF,OTM,412,,0.41917043836946977,0.08271875275080896,
transfer,101,2017 European,RF,ATM,772,,-0.13773129362624803,0.10372942245250426,
transfer,101,2017 European,RF,ITM,494,,-0.032537384921421886,0.11485809230769232,
transfer,101,"12,110 American",RF,all,11563,,-1.2264883558265063,0.22874517613087722,"{'max_features': 0.5, 'min_samples_leaf': 1, 'max_depth': None, 'min_samples_split': 2}"
transfer,101,"12,110 American",RF,deep OTM,2524,,-1.158618678723049,0.24086829535512405,
transfer,101,"12,110 American",RF,OTM,1812,,-1.7575399133000436,0.23174955350791024,
transfer,101,"12,110 American",RF,ATM,1934,,-1.9676135433139659,0.19929664281282317,
transfer,101,"12,110 American",RF,ITM,1586,,-2.4177816384245876,0.23696099988041192,
transfer,101,"12,110 American",RF,deep ITM,3707,,-1.4939643070785347,0.2308710143399874,
transfer,2024,held out,Dynamic ET,all,887,16.0,0.7949404132972656,0.05348314960040053,"{'tau': 0.95, 'min_samples_leaf': 1, 'max_depth': 24, 'min_samples_split': 2}"
transfer,2024,held out,Dynamic ET,OTM,270,16.0,0.755033372941377,0.051903474111894166,
transfer,2024,held out,Dynamic ET,ATM,292,16.0,0.8565330612445456,0.04462494256891416,
transfer,2024,held out,Dynamic ET,ITM,308,16.0,0.760443736572876,0.06219037379349324,
transfer,2024,2017 European,Dynamic ET,all,1700,16.0,0.06691240813746557,0.1035502222026046,"{'tau': 0.95, 'min_samples_leaf': 1, 'max_depth': 24, 'min_samples_split': 2}"
transfer,2024,2017 European,Dynamic ET,OTM,412,16.0,0.44875314475736405,0.08028903112723162,
transfer,2024,2017 European,Dynamic ET,ATM,772,16.0,-0.1726586770185632,0.10395864538622986,
transfer,2024,2017 European,Dynamic ET,ITM,494,16.0,-0.07699505115664551,0.12205876165528343,
transfer,2024,"12,110 American",Dynamic ET,all,11563,16.0,-0.3004249924373976,0.1680494015868111,"{'tau': 0.95, 'min_samples_leaf': 1, 'max_depth': 24, 'min_samples_split': 2}"
transfer,2024,"12,110 American",Dynamic ET,deep OTM,2524,16.0,-0.035016666626386916,0.1595277754577163,
transfer,2024,"12,110 American",Dynamic ET,OTM,1812,16.0,-0.5749395003573363,0.1705336748312902,
transfer,2024,"12,110 American",Dynamic ET,ATM,1934,16.0,-0.7194881234669577,0.1504680198702476,
transfer,2024,"12,110 American",Dynamic ET,ITM,1586,16.0,-0.909238787308629,0.17436756133461118,
transfer,2024,"12,110 American",Dynamic ET,deep ITM,3707,16.0,-0.671487552525788,0.1791065561890938,
transfer,2024,held out,ET-aug,all,887,,0.7980690043464375,0.05305449583755651,"{'min_samples_leaf': 1, 'max_depth': 24, 'min_samples_split': 5}"
transfer,2024,held out,ET-aug,OTM,270,,0.7446005101197102,0.0523056987202245,
transfer,2024,held out,ET-aug,ATM,292,,0.862504970855364,0.04355905315465071,
transfer,2024,held out,ET-aug,ITM,308,,0.76995223077751,0.061578016854361595,
transfer,2024,2017 European,ET-aug,all,1700,,0.042990415883837785,0.10416532635067349,"{'min_samples_leaf': 1, 'max_depth': 24, 'min_samples_split': 5}"
transfer,2024,2017 European,ET-aug,OTM,412,,0.4514738687608333,0.07920436922368514,
transfer,2024,2017 European,ET-aug,ATM,772,,-0.20250059910023355,0.10453480373443251,
transfer,2024,2017 European,ET-aug,ITM,494,,-0.12007482284018334,0.12414222699838333,
transfer,2024,"12,110 American",ET-aug,all,11563,,-0.3470951358342593,0.17101634908646693,"{'min_samples_leaf': 1, 'max_depth': 24, 'min_samples_split': 5}"
transfer,2024,"12,110 American",ET-aug,deep OTM,2524,,-0.07105861674869396,0.16250133031152272,
transfer,2024,"12,110 American",ET-aug,OTM,1812,,-0.5896800658112502,0.17060667355004144,
transfer,2024,"12,110 American",ET-aug,ATM,1934,,-0.7487015708674079,0.1500400129417651,
transfer,2024,"12,110 American",ET-aug,ITM,1586,,-1.0362188803335917,0.17967354568456162,
transfer,2024,"12,110 American",ET-aug,deep ITM,3707,,-0.7411860298451454,0.1842540506670543,
transfer,2024,held out,ET,all,887,,0.8262765207488193,0.04909458364148807,"{'max_features': 1.0, 'min_samples_leaf': 1, 'max_depth': None, 'min_samples_split': 2}"
transfer,2024,held out,ET,OTM,270,,0.8341555052464907,0.04817704914814816,
transfer,2024,held out,ET,ATM,292,,0.869740986060991,0.03988208558219161,
transfer,2024,held out,ET,ITM,308,,0.7786046311150641,0.05787128863636354,
transfer,2024,2017 European,ET,all,1700,,0.047787713012585775,0.1042523883470587,"{'max_features': 1.0, 'min_samples_leaf': 1, 'max_depth': None, 'min_samples_split': 2}"
transfer,2024,2017 European,ET,OTM,412,,0.44296863749583326,0.08093065606796104,
transfer,2024,2017 European,ET,ATM,772,,-0.1366411407470849,0.1034795704404145,
transfer,2024,2017 European,ET,ITM,494,,-0.17345113635418352,0.12476537668016163,
transfer,2024,"12,110 American",ET,all,11563,,-1.8567821610886779,0.26106876548144947,"{'max_features': 1.0, 'min_samples_leaf': 1, 'max_depth': None, 'min_samples_split': 2}"
transfer,2024,"12,110 American",ET,deep OTM,2524,,-1.3697092058317928,0.24997669954160115,
transfer,2024,"12,110 American",ET,OTM,1812,,-3.4446520319326446,0.29860650803256095,
transfer,2024,"12,110 American",ET,ATM,1934,,-4.370003283383129,0.2763838935418821,
transfer,2024,"12,110 American",ET,ITM,1586,,-3.652474291350785,0.27477358385561124,
transfer,2024,"12,110 American",ET,deep ITM,3707,,-1.625027372228602,0.23641882896115451,
transfer,2024,held out,RF,all,887,,0.8106888082991522,0.05096990105223603,"{'max_features': 0.7, 'min_samples_leaf': 1, 'max_depth': None, 'min_samples_split': 2}"
transfer,2024,held out,RF,OTM,270,,0.7967750674699318,0.051672326172839504,
transfer,2024,held out,RF,ATM,292,,0.8837530184397779,0.03996826815068498,
transfer,2024,held out,RF,ITM,308,,0.7536420263620425,0.05912854707792211,
transfer,2024,2017 European,RF,all,1700,,0.006512930459450894,0.10569707131372548,"{'max_features': 0.7, 'min_samples_leaf': 1, 'max_depth': None, 'min_samples_split': 2}"
transfer,2024,2017 European,RF,OTM,412,,0.4071929957191005,0.08248927855987055,
transfer,2024,2017 European,RF,ATM,772,,-0.21958883581059863,0.1065944701208981,
transfer,2024,2017 European,RF,ITM,494,,-0.17655282111333714,0.1234389240215924,
transfer,2024,"12,110 American",RF,all,11563,,-1.8003010083582964,0.25690420114433954,"{'max_features': 0.7, 'min_samples_leaf': 1, 'max_depth': None, 'min_samples_split': 2}"
transfer,2024,"12,110 American",RF,deep OTM,2524,,-1.8219440382949346,0.2750128963469359,
transfer,2024,"12,110 American",RF,OTM,1812,,-2.4524782029987393,0.2595770269269682,
transfer,2024,"12,110 American",RF,ATM,1934,,-2.6899490871756955,0.22174088152154425,
transfer,2024,"12,110 American",RF,ITM,1586,,-3.37843306999702,0.2672114114911726,
transfer,2024,"12,110 American",RF,deep ITM,3707,,-2.0507645159564882,0.25720339659374136,
transfer,13,held out,Dynamic ET,all,887,16.0,0.815041619554249,0.05238736340190874,"{'tau': 0.95, 'min_samples_leaf': 1, 'max_depth': 24, 'min_samples_split': 2}"
transfer,13,held out,Dynamic ET,OTM,269,16.0,0.8274588139312318,0.04660398102763192,
transfer,13,held out,Dynamic ET,ATM,314,16.0,0.8304034554919496,0.05203565041766659,
transfer,13,held out,Dynamic ET,ITM,293,16.0,0.7978848862636595,0.05593792403705286,
transfer,13,2017 European,Dynamic ET,all,1700,16.0,0.06780158214192888,0.10333122772009251,"{'tau': 0.95, 'min_samples_leaf': 1, 'max_depth': 24, 'min_samples_split': 2}"
transfer,13,2017 European,Dynamic ET,OTM,412,16.0,0.43394707584089565,0.08147398693863207,
transfer,13,2017 European,Dynamic ET,ATM,772,16.0,-0.15945011627020245,0.10320871910017587,
transfer,13,2017 European,Dynamic ET,ITM,494,16.0,-0.07426339206177657,0.12123152486464407,
transfer,13,"12,110 American",Dynamic ET,all,11563,16.0,-0.41918475124321475,0.17910189282250064,"{'tau': 0.95, 'min_samples_leaf': 1, 'max_depth': 24, 'min_samples_split': 2}"
transfer,13,"12,110 American",Dynamic ET,deep OTM,2524,16.0,-0.10353459539802157,0.16702898274871147,
transfer,13,"12,110 American",Dynamic ET,OTM,1812,16.0,-0.8273220688850929,0.18709920886835632,
transfer,13,"12,110 American",Dynamic ET,ATM,1934,16.0,-1.1191279533894258,0.17114298752995535,
transfer,13,"12,110 American",Dynamic ET,ITM,1586,16.0,-1.0709152666312947,0.18278385052526397,
transfer,13,"12,110 American",Dynamic ET,deep ITM,3707,16.0,-0.7349605943273858,0.18598989559303014,
transfer,13,held out,ET-aug,all,887,,0.8189767183386877,0.051481758797529635,"{'min_samples_leaf': 1, 'max_depth': 24, 'min_samples_split': 2}"
transfer,13,held out,ET-aug,OTM,269,,0.830988927554869,0.04577006049565204,
transfer,13,held out,ET-aug,ATM,314,,0.8360180498846923,0.05097961017098061,
transfer,13,held out,ET-aug,ITM,293,,0.8000606754467303,0.05511299321188412,
transfer,13,2017 European,ET-aug,all,1700,,0.050109512847355875,0.10344214279201779,"{'min_samples_leaf': 1, 'max_depth': 24, 'min_samples_split': 2}"
transfer,13,2017 European,ET-aug,OTM,412,,0.4431841187400398,0.08015918823509217,
transfer,13,2017 European,ET-aug,ATM,772,,-0.18549822879500133,0.10325079978343753,
transfer,13,2017 European,ET-aug,ITM,494,,-0.10699226184827548,0.12261325452332758,
transfer,13,"12,110 American",ET-aug,all,11563,,-0.5072175382340014,0.18531557886782576,"{'min_samples_leaf': 1, 'max_depth': 24, 'min_samples_split': 2}"
transfer,13,"12,110 American",ET-aug,deep OTM,2524,,-0.24882962316830182,0.1794551025760862,
transfer,13,"12,110 American",ET-aug,OTM,1812,,-0.9324080424144714,0.1925065806735071,
transfer,13,"12,110 American",ET-aug,ATM,1934,,-1.1716478922432385,0.17205068624599956,
transfer,13,"12,110 American",ET-aug,ITM,1586,,-1.2152788920440445,0.18897190999265961,
transfer,13,"12,110 American",ET-aug,deep ITM,3707,,-0.805685848678438,0.19114700807070714,
transfer,13,held out,ET,all,887,,0.827811044486008,0.049170076588688744,"{'max_features': 1.0, 'min_samples_leaf': 1, 'max_depth': 24, 'min_samples_split': 2}"
transfer,13,held out,ET,OTM,269,,0.8487599404347781,0.044091825235860645,
transfer,13,held out,ET,ATM,314,,0.8436716900381642,0.04868248743867724,
transfer,13,held out,ET,ITM,293,,0.8010945792989207,0.052572479132702674,
transfer,13,2017 European,ET,all,1700,,0.06248328747845433,0.10278441676123928,"{'max_features': 1.0, 'min_samples_leaf': 1, 'max_depth': 24, 'min_samples_split': 2}"
transfer,13,2017 European,ET,OTM,412,,0.4221995330457492,0.08203492691033082,
transfer,13,2017 European,ET,ATM,772,,-0.09980164217508691,0.10067331328484116,
transfer,13,2017 European,ET,ITM,494,,-0.151194104929671,0.12299211637864359,
transfer,13,"12,110 American",ET,all,11563,,-2.0427773082598573,0.27120093992509103,"{'max_features': 1.0, 'min_samples_leaf': 1, 'max_depth': 24, 'min_samples_split': 2}"
transfer,13,"12,110 American",ET,deep OTM,2524,,-1.532953875686497,0.26170326656653187,
transfer,13,"12,110 American",ET,OTM,1812,,-3.81420077462242,0.3118572863265427,
transfer,13,"12,110 American",ET,ATM,1934,,-4.768301177925973,0.2866679496052175,
transfer,13,"12,110 American",ET,ITM,1586,,-3.98766038872379,0.28549032822208964,
transfer,13,"12,110 American",ET,deep ITM,3707,,-1.7350248866548585,0.2436116929105696,
transfer,13,held out,RF,all,887,,0.8178309959570034,0.05243594600635379,"{'max_features': 0.7, 'min_samples_leaf': 1, 'max_depth': None, 'min_samples_split': 5}"
transfer,13,held out,RF,OTM,269,,0.8437391722953086,0.04535461227561756,
transfer,13,held out,RF,ATM,314,,0.8391958479537626,0.05188813332586174,
transfer,13,held out,RF,ITM,293,,0.7860831529985685,0.05701238716782647,
transfer,13,2017 European,RF,all,1700,,0.00961997290305272,0.10464963337446549,"{'max_features': 0.7, 'min_samples_leaf': 1, 'max_depth': None, 'min_samples_split': 5}"
transfer,13,2017 European,RF,OTM,412,,0.4246210085094795,0.08109522176452658,
transfer,13,2017 European,RF,ATM,772,,-0.2484269318958623,0.10596385350496064,
transfer,13,2017 European,RF,ITM,494,,-0.14652446704795397,0.12176423693912852,
transfer,13,"12,110 American",RF,all,11563,,-2.148994740163458,0.2735722425752325,"{'max_features': 0.7, 'min_samples_leaf': 1, 'max_depth': None, 'min_samples_split': 5}"
transfer,13,"12,110 American",RF,deep OTM,2524,,-2.181841041124975,0.2933737290975056,
transfer,13,"12,110 American",RF,OTM,1812,,-2.804100627258087,0.2723195142012253,
transfer,13,"12,110 American",RF,ATM,1934,,-3.1396569482721244,0.2366472846641234,
transfer,13,"12,110 American",RF,ITM,1586,,-3.8914872449708824,0.2838933966968729,
transfer,13,"12,110 American",RF,deep ITM,3707,,-2.4660311207217513,0.27555079935825033,
within,42,held out,Dynamic ET,all,2313,17.0,0.805029822202714,0.05108457509199354,"{'tau': 0.95, 'min_samples_leaf': 1, 'max_depth': None, 'min_samples_split': 2}"
within,42,held out,Dynamic ET,deep OTM,501,17.0,0.8221463627536814,0.05357159155622352,
within,42,held out,Dynamic ET,OTM,351,17.0,0.72886849505687,0.05285682834664688,
within,42,held out,Dynamic ET,ATM,388,17.0,0.7716856550478369,0.035130760996445784,
within,42,held out,Dynamic ET,ITM,321,17.0,0.7658265890524454,0.044668814475049945,
within,42,held out,Dynamic ET,deep ITM,752,17.0,0.7576737079480731,0.05957058956825534,
within,42,held out,ET-aug,all,2313,,0.8065582798008708,0.05086659380588068,"{'min_samples_leaf': 1, 'max_depth': None, 'min_samples_split': 2}"
within,42,held out,ET-aug,deep OTM,501,,0.8217735008639985,0.05374658508825744,
within,42,held out,ET-aug,OTM,351,,0.7318568061085844,0.05268293736358131,
within,42,held out,ET-aug,ATM,388,,0.7734451728010374,0.034815416742499924,
within,42,held out,ET-aug,ITM,321,,0.7694302371499465,0.04412296654723372,
within,42,held out,ET-aug,deep ITM,752,,0.7601599222671005,0.0592604087385851,
within,42,held out,ET,all,2313,,0.8114657377724356,0.049553012968181605,"{'max_features': 1.0, 'min_samples_leaf': 1, 'max_depth': None, 'min_samples_split': 2}"
within,42,held out,ET,deep OTM,501,,0.8293988452418716,0.05254731057313373,
within,42,held out,ET,OTM,351,,0.74744057146978,0.049326567268450264,
within,42,held out,ET,ATM,388,,0.7828752570223086,0.03277512514136585,
within,42,held out,ET,ITM,321,,0.7856410032847229,0.042227280582713446,
within,42,held out,ET,deep ITM,752,,0.7571030297410279,0.059447587320660966,
within,42,held out,RF,all,2313,,0.7972424028195765,0.052618242972188076,"{'max_features': 0.5, 'min_samples_leaf': 1, 'max_depth': 24, 'min_samples_split': 2}"
within,42,held out,RF,deep OTM,501,,0.8104698655400316,0.056650788357888705,
within,42,held out,RF,OTM,351,,0.7278507862051877,0.05207513284438833,
within,42,held out,RF,ATM,388,,0.7640772178114859,0.03550223607632517,
within,42,held out,RF,ITM,321,,0.7661622618081954,0.044660172758411554,
within,42,held out,RF,deep ITM,752,,0.7451611853682973,0.062413293013197035,
within,7,held out,Dynamic ET,all,2313,17.0,0.7896124719854656,0.04982877428430276,"{'tau': 0.95, 'min_samples_leaf': 1, 'max_depth': None, 'min_samples_split': 2}"
within,7,held out,Dynamic ET,deep OTM,523,17.0,0.8311469999937603,0.051179572117238996,
within,7,held out,Dynamic ET,OTM,357,17.0,0.6906643005779193,0.05177280032676493,
within,7,held out,Dynamic ET,ATM,380,17.0,0.7720672247778404,0.034475427370413356,
within,7,held out,Dynamic ET,ITM,311,17.0,0.717702626985462,0.04359053889965922,
within,7,held out,Dynamic ET,deep ITM,742,17.0,0.7225045670851158,0.05841890699066054,
within,7,held out,ET-aug,all,2313,,0.7899960049137502,0.04967946506315236,"{'min_samples_leaf': 1, 'max_depth': 24, 'min_samples_split': 2}"
within,7,held out,ET-aug,deep OTM,523,,0.8280751468811464,0.05148527700317437,
within,7,held out,ET-aug,OTM,357,,0.6986019566214758,0.051063593992556236,
within,7,held out,ET-aug,ATM,380,,0.7734000934679475,0.034418180532063226,
within,7,held out,ET-aug,ITM,311,,0.7190020214466564,0.043234105094192635,
within,7,held out,ET-aug,deep ITM,742,,0.7226054801107621,0.05825793056144298,
within,7,held out,ET,all,2313,,0.7967795498045334,0.04826577210771477,"{'max_features': 1.0, 'min_samples_leaf': 1, 'max_depth': None, 'min_samples_split': 2}"
within,7,held out,ET,deep OTM,523,,0.8279911072418753,0.051101584297126114,
within,7,held out,ET,OTM,357,,0.718524407428528,0.04792221929543722,
within,7,held out,ET,ATM,380,,0.7730511119451163,0.03278284067508703,
within,7,held out,ET,ITM,311,,0.74048801171295,0.04096277286826697,
within,7,held out,ET,deep ITM,742,,0.7319350112372199,0.05742246386888427,
within,7,held out,RF,all,2313,,0.780507725655738,0.0517458607258664,"{'max_features': 0.5, 'min_samples_leaf': 1, 'max_depth': 24, 'min_samples_split': 2}"
within,7,held out,RF,deep OTM,523,,0.8070596308605803,0.05544180268580856,
within,7,held out,RF,OTM,357,,0.6971505317652215,0.051262098110722645,
within,7,held out,RF,ATM,380,,0.7650552536406021,0.03614171170999038,
within,7,held out,RF,ITM,311,,0.7111628868092327,0.043219504121202915,
within,7,held out,RF,deep ITM,742,,0.7145424731869895,0.06093858193697127,
within,101,held out,Dynamic ET,all,2313,14.0,0.7849625059926968,0.05327422467395383,"{'tau': 0.7, 'min_samples_leaf': 1, 'max_depth': None, 'min_samples_split': 2}"
within,101,held out,Dynamic ET,deep OTM,490,14.0,0.7776716461107996,0.058235100746167334,
within,101,held out,Dynamic ET,OTM,348,14.0,0.7174523525190948,0.05870375418887368,
within,101,held out,Dynamic ET,ATM,389,14.0,0.7682738713816972,0.03702040921819805,
within,101,held out,Dynamic ET,ITM,333,14.0,0.7524684170583948,0.04656446979223738,
within,101,held out,Dynamic ET,deep ITM,753,14.0,0.747233514302019,0.058900754609310886,
within,101,held out,ET-aug,all,2313,,0.7890815505522096,0.05254434058397402,"{'min_samples_leaf': 1, 'max_depth': 24, 'min_samples_split': 2}"
within,101,held out,ET-aug,deep OTM,490,,0.7791572760227562,0.0574604053881978,
within,101,held out,ET-aug,OTM,348,,0.7275010783009528,0.057508377968520125,
within,101,held out,ET-aug,ATM,389,,0.7756089960953461,0.036223990267945524,
within,101,held out,ET-aug,ITM,333,,0.7578700836688013,0.04576190174229034,
within,101,held out,ET-aug,deep ITM,753,,0.7508548719443824,0.05848167344363411,
within,101,held out,ET,all,2313,,0.780777604061304,0.05342212923106935,"{'max_features': 0.85, 'min_samples_leaf': 1, 'max_depth': None, 'min_samples_split': 5}"
within,101,held out,ET,deep OTM,490,,0.7637587544585595,0.05952114459532074,
within,101,held out,ET,OTM,348,,0.7164360910783043,0.05765787150203376,
within,101,held out,ET,ATM,389,,0.7781859480613436,0.03568331236406683,
within,101,held out,ET,ITM,333,,0.7532865625023526,0.04567099274565065,
within,101,held out,ET,deep ITM,753,,0.7406316753849308,0.06008743118608878,
within,101,held out,RF,all,2313,,0.762773001906665,0.0561245828873209,"{'max_features': 0.5, 'min_samples_leaf': 1, 'max_depth': None, 'min_samples_split': 2}"
within,101,held out,RF,deep OTM,490,,0.7473634361627024,0.061733212481748304,
within,101,held out,RF,OTM,348,,0.7141244009585086,0.058226750548017174,
within,101,held out,RF,ATM,389,,0.7604546336669185,0.03797336880418163,
within,101,held out,RF,ITM,333,,0.7172259112637382,0.04795251558547543,
within,101,held out,RF,deep ITM,753,,0.7125117961971172,0.06449422145659575,
within,2024,held out,Dynamic ET,all,2313,15.0,0.7698585240410663,0.051696774882338085,"{'tau': 0.9, 'min_samples_leaf': 1, 'max_depth': None, 'min_samples_split': 2}"
within,2024,held out,Dynamic ET,deep OTM,501,15.0,0.8195648665741344,0.05151844600857683,
within,2024,held out,Dynamic ET,OTM,346,15.0,0.6581460087027218,0.053253092260066394,
within,2024,held out,Dynamic ET,ATM,379,15.0,0.7215255040572222,0.0373883800940447,
within,2024,held out,Dynamic ET,ITM,329,15.0,0.6802512678548923,0.05022088737717028,
within,2024,held out,Dynamic ET,deep ITM,758,15.0,0.7251229789566747,0.05889902497075999,
within,2024,held out,ET-aug,all,2313,,0.7713626526570306,0.051320727288525325,"{'min_samples_leaf': 1, 'max_depth': None, 'min_samples_split': 2}"
within,2024,held out,ET-aug,deep OTM,501,,0.8203282510639455,0.05133349328478449,
within,2024,held out,ET-aug,OTM,346,,0.6585140120513191,0.05325811988832655,
within,2024,held out,ET-aug,ATM,379,,0.7242456511429196,0.03689352923559884,
within,2024,held out,ET-aug,ITM,329,,0.6844950605071958,0.04978470910318852,
within,2024,held out,ET-aug,deep ITM,758,,0.7269373111623938,0.05830822655155683,
within,2024,held out,ET,all,2313,,0.7774143886693511,0.050448684997070475,"{'max_features': 1.0, 'min_samples_leaf': 1, 'max_depth': 24, 'min_samples_split': 2}"
within,2024,held out,ET,deep OTM,501,,0.8199461834473064,0.05116444550906285,
within,2024,held out,ET,OTM,346,,0.6757087663463404,0.05035363783672527,
within,2024,held out,ET,ATM,379,,0.7261010726433772,0.03614708720537133,
within,2024,held out,ET,ITM,329,,0.7171911999233254,0.04747673276113018,
within,2024,held out,ET,deep ITM,758,,0.7300502792534701,0.05845972477233378,
within,2024,held out,RF,all,2313,,0.7507623140033612,0.054160898117980916,"{'max_features': 0.7, 'min_samples_leaf': 1, 'max_depth': None, 'min_samples_split': 2}"
within,2024,held out,RF,deep OTM,501,,0.7980047309247987,0.05524283488982028,
within,2024,held out,RF,OTM,346,,0.6149035636429783,0.055881597203718644,
within,2024,held out,RF,ATM,379,,0.7061827349714056,0.037627234147854016,
within,2024,held out,RF,ITM,329,,0.6582017861167171,0.05128053273697059,
within,2024,held out,RF,deep ITM,758,,0.7083487897989247,0.062177371269265515,
within,13,held out,Dynamic ET,all,2313,17.0,0.8104824040749765,0.050199893000826744,"{'tau': 0.95, 'min_samples_leaf': 1, 'max_depth': 24, 'min_samples_split': 2}"
within,13,held out,Dynamic ET,deep OTM,516,17.0,0.8162516747080697,0.05353144031667984,
within,13,held out,Dynamic ET,OTM,338,17.0,0.7465461280829231,0.05265344499210408,
within,13,held out,Dynamic ET,ATM,347,17.0,0.8639841384372955,0.0317445348530195,
within,13,held out,Dynamic ET,ITM,346,17.0,0.7353179722644406,0.04509858693117831,
within,13,held out,Dynamic ET,deep ITM,766,17.0,0.752940814467449,0.05753759820886268,
within,13,held out,ET-aug,all,2313,,0.8123378067390549,0.04985408806942658,"{'min_samples_leaf': 1, 'max_depth': 24, 'min_samples_split': 2}"
within,13,held out,ET-aug,deep OTM,516,,0.816518166146826,0.053332827547819046,
within,13,held out,ET-aug,OTM,338,,0.7474857552401156,0.052706194935852546,
within,13,held out,ET-aug,ATM,347,,0.8679087695730283,0.031399908661105196,
within,13,held out,ET-aug,ITM,346,,0.73447808197702,0.04500008310575318,
within,13,held out,ET-aug,deep ITM,766,,0.7572887882279941,0.056804537521666844,
within,13,held out,ET,all,2313,,0.8151657778700823,0.04869741530833145,"{'max_features': 1.0, 'min_samples_leaf': 1, 'max_depth': 24, 'min_samples_split': 2}"
within,13,held out,ET,deep OTM,516,,0.8133968489623495,0.053226611132858245,
within,13,held out,ET,OTM,338,,0.7575365507323437,0.04962414895501351,
within,13,held out,ET,ATM,347,,0.8750041144906366,0.03015497306217814,
within,13,held out,ET,ITM,346,,0.7393339946978532,0.04295838635124312,
within,13,held out,ET,deep ITM,766,,0.7613782642666007,0.05622956995654737,
within,13,held out,RF,all,2313,,0.7916210831902349,0.05279887880802351,"{'max_features': 0.7, 'min_samples_leaf': 1, 'max_depth': None, 'min_samples_split': 5}"
within,13,held out,RF,deep OTM,516,,0.7932037427595149,0.05745672639319849,
within,13,held out,RF,OTM,338,,0.7345224147732217,0.052973991154093986,
within,13,held out,RF,ATM,347,,0.839795815857278,0.032057206875347084,
within,13,held out,RF,ITM,346,,0.7058291114792228,0.04612612056436307,
within,13,held out,RF,deep ITM,766,,0.7314680611816085,0.06199404484721819,
