seed,dataset,model,region,n,M,r2,mae
42,2019 in-sample,Dynamic ET,all,893,8,0.6464609965799237,0.07788851784994416
42,2019 in-sample,Dynamic ET,OTM,251,8,0.555934626782395,0.08558606641434284
42,2019 in-sample,Dynamic ET,ATM,304,8,0.7601109314747655,0.06068059427631587
42,2019 in-sample,Dynamic ET,ITM,318,8,0.6236281754439084,0.08776471106918259
42,2019 in-sample,ET-aug,all,893,8,0.690426632847534,0.0719247077043675
42,2019 in-sample,ET-aug,OTM,251,8,0.5975556774336719,0.07977548151394448
42,2019 in-sample,ET-aug,ATM,304,8,0.8104086900007753,0.05485227049342119
42,2019 in-sample,ET-aug,ITM,318,8,0.6649507197295342,0.08158554364779896
42,2019 in-sample,ET,all,893,8,0.7437418860495373,0.06267768296752543
42,2019 in-sample,ET,OTM,251,8,0.6599965215872725,0.07053688992031894
42,2019 in-sample,ET,ATM,304,8,0.8616267292973858,0.046029169901315996
42,2019 in-sample,ET,ITM,318,8,0.7107534321592222,0.07223054660377387
42,2019 in-sample,RF,all,893,8,0.7142206081361444,0.06825246516876587
42,2019 in-sample,RF,OTM,251,8,0.693571062384321,0.06927983710597137
42,2019 in-sample,RF,ATM,304,8,0.7988936152669993,0.05590575174402082
42,2019 in-sample,RF,ITM,318,8,0.6657740605186918,0.07905214163253695
42,2017 European,Dynamic ET,all,1700,8,-0.3860932831816595,0.12848320495294113
42,2017 European,Dynamic ET,OTM,412,8,0.13567404732698385,0.10479349473300972
42,2017 European,Dynamic ET,ATM,772,8,-0.8848581514965681,0.13449056182642496
42,2017 European,Dynamic ET,ITM,494,8,-0.39720005980266615,0.13876213202429125
42,2017 European,ET-aug,all,1700,8,-0.4988689644542068,0.1321131585176471
42,2017 European,ET-aug,OTM,412,8,0.08366793411905249,0.10599953480582529
42,2017 European,ET-aug,ATM,772,8,-1.0671337698512078,0.1390447701813473
42,2017 European,ET-aug,ITM,494,8,-0.4973008157885388,0.14319293757085003
42,2017 European,ET,all,1700,8,-0.5994095539435511,0.1354181155352941
42,2017 European,ET,OTM,412,8,-0.009045460417663964,0.1078804837135922
42,2017 European,ET,ATM,772,8,-1.1462911612072255,0.14058469053108824
42,2017 European,ET,ITM,494,8,-0.639746078192829,0.15041828044534392
42,2017 European,RF,all,1700,8,-0.6334210123004003,0.13375367823895398
42,2017 European,RF,OTM,412,8,-0.06385168202761982,0.10533248993685211
42,2017 European,RF,ATM,772,8,-1.1414889773922248,0.1382080165900376
42,2017 European,RF,ITM,494,8,-0.7141246118395215,0.1513120714271077
42,"12,110 American",Dynamic ET,all,11563,8,-0.10471763545799728,0.14152481803199862
42,"12,110 American",Dynamic ET,deep OTM,2524,8,0.07449993723060644,0.13627448015412041
42,"12,110 American",Dynamic ET,OTM,1812,8,-0.14469727498224638,0.1260979688051877
42,"12,110 American",Dynamic ET,ATM,1934,8,-0.7477996825076685,0.12667274028438485
42,"12,110 American",Dynamic ET,ITM,1586,8,-0.38059566854169624,0.1306888185479191
42,"12,110 American",Dynamic ET,deep ITM,3707,8,-0.44269626965184306,0.16502498451389253
42,"12,110 American",ET-aug,all,11563,8,-0.17187119332569,0.14466331313880487
42,"12,110 American",ET-aug,deep OTM,2524,8,0.03764055135903377,0.1380812428878763
42,"12,110 American",ET-aug,OTM,1812,8,-0.2625274664255841,0.13070452034602661
42,"12,110 American",ET-aug,ATM,1934,8,-0.9930017580412034,0.13296141012823193
42,"12,110 American",ET-aug,ITM,1586,8,-0.5148358511700155,0.1360468017080705
42,"12,110 American",ET-aug,deep ITM,3707,8,-0.47171154796091574,0.16575954874858392
42,"12,110 American",ET,all,11563,8,-0.22419469882264242,0.14740023352140455
42,"12,110 American",ET,deep OTM,2524,8,0.009509108639280783,0.14055660396632313
42,"12,110 American",ET,OTM,1812,8,-0.40925206970399386,0.1351555489564018
42,"12,110 American",ET,ATM,1934,8,-1.228306943637735,0.14024106287383692
42,"12,110 American",ET,ITM,1586,8,-0.73048652886467,0.14336173469546007
42,"12,110 American",ET,deep ITM,3707,8,-0.4292516583915267,0.16350802542837897
42,"12,110 American",RF,all,11563,8,-0.6294114275271072,0.1617281486707788
42,"12,110 American",RF,deep OTM,2524,8,-0.24123716983937715,0.15269840522004383
42,"12,110 American",RF,OTM,1812,8,-1.3867511211828414,0.15689717329413017
42,"12,110 American",RF,ATM,1934,8,-2.218784165962452,0.15439161535881765
42,"12,110 American",RF,ITM,1586,8,-1.2959459870013386,0.15646724803904008
42,"12,110 American",RF,deep ITM,3707,8,-0.6940471130414523,0.1763160752096008
7,2019 in-sample,Dynamic ET,all,893,8,0.6022202697163654,0.08053351155655092
7,2019 in-sample,Dynamic ET,OTM,281,8,0.6403000894300729,0.07046061679715286
7,2019 in-sample,Dynamic ET,ATM,305,8,0.7109103025488412,0.07026406527868852
7,2019 in-sample,Dynamic ET,ITM,292,8,0.4805912671162472,0.1022447207534247
7,2019 in-sample,ET-aug,all,893,8,0.6371734504395635,0.07586306078387456
7,2019 in-sample,ET-aug,OTM,281,8,0.6613487988008666,0.0665431583274019
7,2019 in-sample,ET-aug,ATM,305,8,0.7407617240291016,0.06627007704918042
7,2019 in-sample,ET-aug,ITM,292,8,0.5279969734523261,0.09559521054794519
7,2019 in-sample,ET,all,893,8,0.7042034617923312,0.06846909842105267
7,2019 in-sample,ET,OTM,281,8,0.7276177228185206,0.059526740569394825
7,2019 in-sample,ET,ATM,305,8,0.8000712226754341,0.05904293770491827
7,2019 in-sample,ET,ITM,292,8,0.605314926115104,0.08740326150684934
7,2019 in-sample,RF,all,893,8,0.6815603904069951,0.07062789961578933
7,2019 in-sample,RF,OTM,281,8,0.7600205830976765,0.056733277948800544
7,2019 in-sample,RF,ATM,305,8,0.7225276767017295,0.0654559680126466
7,2019 in-sample,RF,ITM,292,8,0.6049852036642954,0.08930316255121815
7,2017 European,Dynamic ET,all,1700,8,-0.36319774005389127,0.12657125844117637
7,2017 European,Dynamic ET,OTM,412,8,0.13817948498175991,0.10298663356796103
7,2017 European,Dynamic ET,ATM,772,8,-0.869304804484887,0.13351727680051814
7,2017 European,Dynamic ET,ITM,494,8,-0.34523843806410826,0.13513394842105236
7,2017 European,ET-aug,all,1700,8,-0.48173263709187886,0.12950194354705874
7,2017 European,ET-aug,OTM,412,8,0.09030061744027307,0.10365860599514552
7,2017 European,ET-aug,ATM,772,8,-1.0982708602725522,0.1383620822927461
7,2017 European,ET-aug,ITM,494,8,-0.4133396422619757,0.13721220720647753
7,2017 European,ET,all,1700,8,-0.568809342954198,0.13295166481176457
7,2017 European,ET,OTM,412,8,0.002633887743690333,0.10516627162621352
7,2017 European,ET,ATM,772,8,-1.149091589975673,0.13982338167098435
7,2017 European,ET,ITM,494,8,-0.5486415835707721,0.14521702888663943
7,2017 European,RF,all,1700,8,-0.6452000431563127,0.13506292637477213
7,2017 European,RF,OTM,412,8,-0.09570897137984358,0.10678748244369012
7,2017 European,RF,ATM,772,8,-1.154554316383372,0.14009850677595054
7,2017 European,RF,ITM,494,8,-0.7027263550534617,0.15127732381069464
7,"12,110 American",Dynamic ET,all,11563,8,-0.11264165768860934,0.14190300853480922
7,"12,110 American",Dynamic ET,deep OTM,2524,8,0.08324693591428034,0.13493968557488112
7,"12,110 American",Dynamic ET,OTM,1812,8,-0.16418809895811814,0.12681049089348786
7,"12,110 American",Dynamic ET,ATM,1934,8,-0.733198663846397,0.12678590056980363
7,"12,110 American",Dynamic ET,ITM,1586,8,-0.3329156313674324,0.12853404008511973
7,"12,110 American",Dynamic ET,deep ITM,3707,8,-0.4848234238732254,0.1676280530134877
7,"12,110 American",ET-aug,all,11563,8,-0.19357876015099507,0.14587750996142868
7,"12,110 American",ET-aug,deep OTM,2524,8,0.05555037206266811,0.13717150930071312
7,"12,110 American",ET-aug,OTM,1812,8,-0.33065581891386886,0.13334698327207514
7,"12,110 American",ET-aug,ATM,1934,8,-1.0869883744770048,0.13663748232368167
7,"12,110 American",ET-aug,ITM,1586,8,-0.47767158398269305,0.1351771650989911
7,"12,110 American",ET-aug,deep ITM,3707,8,-0.5109822347081963,0.16732887776072283
7,"12,110 American",ET,all,11563,8,-0.23073034571287576,0.148243613955202
7,"12,110 American",ET,deep OTM,2524,8,0.020903282003701062,0.1400464143815372
7,"12,110 American",ET,OTM,1812,8,-0.47690612074574434,0.1388626264001105
7,"12,110 American",ET,ATM,1934,8,-1.2172105526916668,0.1408774697755949
7,"12,110 American",ET,ITM,1586,8,-0.6261723960907619,0.14060487701954597
7,"12,110 American",ET,deep ITM,3707,8,-0.46569722513382983,0.16552153162368496
7,"12,110 American",RF,all,11563,8,-0.5995628160531181,0.16204963704521183
7,"12,110 American",RF,deep OTM,2524,8,-0.2067825491131181,0.15156791363745148
7,"12,110 American",RF,OTM,1812,8,-1.3160679229089753,0.1573352303647477
7,"12,110 American",RF,ATM,1934,8,-2.1139379287108038,0.15509980764842718
7,"12,110 American",RF,ITM,1586,8,-1.263299305162123,0.15796532598883442
7,"12,110 American",RF,deep ITM,3707,8,-0.6930467175050232,0.1768640589969206
101,2019 in-sample,Dynamic ET,all,893,8,0.5596306608050274,0.08110090414333689
101,2019 in-sample,Dynamic ET,OTM,278,8,0.5932931366370275,0.07882810366906455
101,2019 in-sample,Dynamic ET,ATM,320,8,0.7507374549838131,0.05763292965624993
101,2019 in-sample,Dynamic ET,ITM,273,8,0.40013228402824064,0.10348918622710596
101,2019 in-sample,ET-aug,all,893,8,0.5921279471454501,0.07653613963045892
101,2019 in-sample,ET-aug,OTM,278,8,0.6079566748223735,0.07568177017985586
101,2019 in-sample,ET-aug,ATM,320,8,0.7880466402794344,0.05264836787499999
101,2019 in-sample,ET-aug,ITM,273,8,0.458427605290486,0.09710437296703263
101,2019 in-sample,ET,all,893,8,0.6538939275652047,0.06887529835386329
101,2019 in-sample,ET,OTM,278,8,0.6624536951676394,0.06663977284172647
101,2019 in-sample,ET,ATM,320,8,0.8243307213278028,0.04725835959375015
101,2019 in-sample,ET,ITM,273,8,0.5449443663738484,0.08792772666666639
101,2019 in-sample,RF,all,893,8,0.6318969083785508,0.07363414266175494
101,2019 in-sample,RF,OTM,278,8,0.659100277626869,0.06946525902697445
101,2019 in-sample,RF,ATM,320,8,0.765543080141629,0.05243736048477542
101,2019 in-sample,RF,ITM,273,8,0.5363156373659923,0.09312421565777587
101,2017 European,Dynamic ET,all,1700,8,-0.36538740187316043,0.12720667324705862
101,2017 European,Dynamic ET,OTM,412,8,0.10688205537454198,0.10451335548543676
101,2017 European,Dynamic ET,ATM,772,8,-0.7988247785093514,0.13220320069948174
101,2017 European,Dynamic ET,ITM,494,8,-0.402194014645779,0.1378366265991899
101,2017 European,ET-aug,all,1700,8,-0.46795960311430873,0.13012562539411743
101,2017 European,ET-aug,OTM,412,8,0.05254630948982908,0.10530720652912604
101,2017 European,ET-aug,ATM,772,8,-0.9769024580967143,0.13698172046632112
101,2017 European,ET-aug,ITM,494,8,-0.4742069541222578,0.13996730999999962
101,2017 European,ET,all,1700,8,-0.6054286713674948,0.135449420870588
101,2017 European,ET,OTM,412,8,-0.03203332810911674,0.10725075851941733
101,2017 European,ET,ATM,772,8,-1.1492169231867648,0.14109909818652833
101,2017 European,ET,ITM,494,8,-0.6304196017404657,0.1498813563157891
101,2017 European,RF,all,1700,8,-0.6495821737872167,0.13470353908643132
101,2017 European,RF,OTM,412,8,-0.07350205252591291,0.10574404602531053
101,2017 European,RF,ATM,772,8,-1.1436279547979789,0.13897580309734495
101,2017 European,RF,ITM,494,8,-0.7506399084653004,0.15281984152437172
101,"12,110 American",Dynamic ET,all,11563,8,-0.14307706469923476,0.1440441743395313
101,"12,110 American",Dynamic ET,deep OTM,2524,8,0.05811173272753045,0.13726978078090332
101,"12,110 American",Dynamic ET,OTM,1812,8,-0.20033102206276077,0.12827358844867554
101,"12,110 American",Dynamic ET,ATM,1934,8,-0.6482928559129333,0.12420248553567739
101,"12,110 American",Dynamic ET,ITM,1586,8,-0.3381069927704248,0.12822125183291289
101,"12,110 American",Dynamic ET,deep ITM,3707,8,-0.5714775496497537,0.17348681049231196
101,"12,110 American",ET-aug,all,11563,8,-0.19961313279299242,0.14640091547799017
101,"12,110 American",ET-aug,deep OTM,2524,8,0.007097220838231388,0.14072742782369255
101,"12,110 American",ET-aug,OTM,1812,8,-0.31849494771648046,0.13247943964072853
101,"12,110 American",ET-aug,ATM,1934,8,-0.8805422914593775,0.13168467086556374
101,"12,110 American",ET-aug,ITM,1586,8,-0.4580742520392793,0.13265477596532155
101,"12,110 American",ET-aug,deep ITM,3707,8,-0.5638502361886069,0.17062756543862967
101,"12,110 American",ET,all,11563,8,-0.2566711461634297,0.1490921861466748
101,"12,110 American",ET,deep OTM,2524,8,-0.008279340620366282,0.1419387067151347
101,"12,110 American",ET,OTM,1812,8,-0.4660247328900795,0.13683100994205294
101,"12,110 American",ET,ATM,1934,8,-1.1780360702346924,0.1394371046142711
101,"12,110 American",ET,ITM,1586,8,-0.6698621838440919,0.14105932174211852
101,"12,110 American",ET,deep ITM,3707,8,-0.5286369378290181,0.16843011007364458
101,"12,110 American",RF,all,11563,8,-0.6745733835158274,0.16249351506675444
101,"12,110 American",RF,deep OTM,2524,8,-0.2608818133273094,0.15280216840974747
101,"12,110 American",RF,OTM,1812,8,-1.5632067542862225,0.15992502340936296
101,"12,110 American",RF,ATM,1934,8,-2.388074570976449,0.15621826775129088
101,"12,110 American",RF,ITM,1586,8,-1.349182856774012,0.15825942188595485
101,"12,110 American",RF,deep ITM,3707,8,-0.6896240147161792,0.17543299872964455
2024,2019 in-sample,Dynamic ET,all,893,8,0.5000997753353377,0.08655215378499445
2024,2019 in-sample,Dynamic ET,OTM,253,8,0.39168328887828485,0.0922359711462454
2024,2019 in-sample,Dynamic ET,ATM,323,8,0.6213954701945522,0.06630948752321965
2024,2019 in-sample,Dynamic ET,ITM,294,8,0.4170782487157976,0.10079041255102042
2024,2019 in-sample,ET-aug,all,893,8,0.5433883534482832,0.08186736696528561
2024,2019 in-sample,ET-aug,OTM,253,8,0.41441973258284304,0.08846176288537577
2024,2019 in-sample,ET-aug,ATM,323,8,0.6767553337022149,0.06183364359133118
2024,2019 in-sample,ET-aug,ITM,294,8,0.4610259095061683,0.09542536707482994
2024,2019 in-sample,ET,all,893,8,0.6361798052296971,0.07111953867861145
2024,2019 in-sample,ET,OTM,253,8,0.5385767862415803,0.07655624695652193
2024,2019 in-sample,ET,ATM,323,8,0.7687649643247533,0.05226669773993802
2024,2019 in-sample,ET,ITM,294,8,0.5456111827819727,0.08484618557823127
2024,2019 in-sample,RF,all,893,8,0.6129540870629526,0.07412837469925117
2024,2019 in-sample,RF,OTM,253,8,0.5723756954844881,0.07506286922293877
2024,2019 in-sample,RF,ATM,323,8,0.641988380255317,0.060018573546479485
2024,2019 in-sample,RF,ITM,294,8,0.5870344232912881,0.0862324555666342
2024,2017 European,Dynamic ET,all,1700,8,-0.35124630705809823,0.12670984478823508
2024,2017 European,Dynamic ET,OTM,412,8,0.10783599087374718,0.10452259779126208
2024,2017 European,Dynamic ET,ATM,772,8,-0.807371671755575,0.13347503751295323
2024,2017 European,Dynamic ET,ITM,494,8,-0.3627174985560957,0.1351509864372465
2024,2017 European,ET-aug,all,1700,8,-0.47204598997082736,0.13102126322941154
2024,2017 European,ET-aug,OTM,412,8,0.024882748480419048,0.10773029162621349
2024,2017 European,ET-aug,ATM,772,8,-1.0057586507808973,0.1388849744559584
2024,2017 European,ET-aug,ITM,494,8,-0.44214516474622556,0.13887423840080923
2024,2017 European,ET,all,1700,8,-0.5443854023968224,0.1328672289647057
2024,2017 European,ET,OTM,412,8,-0.006764468171031268,0.10609417157766982
2024,2017 European,ET,ATM,772,8,-1.0758446944060922,0.13924613507772013
2024,2017 European,ET,ITM,494,8,-0.5575103475473433,0.14574189722672018
2024,2017 European,RF,all,1700,8,-0.5631854353338681,0.13186214953923328
2024,2017 European,RF,OTM,412,8,-0.036200413543913124,0.10538211578866076
2024,2017 European,RF,ATM,772,8,-1.0663938839043352,0.13769261162795127
2024,2017 European,RF,ITM,494,8,-0.6031122427719808,0.14571102690948987
2024,"12,110 American",Dynamic ET,all,11563,8,-0.13577119517609204,0.1440901319948109
2024,"12,110 American",Dynamic ET,deep OTM,2524,8,0.06527750903480012,0.1361453610978606
2024,"12,110 American",Dynamic ET,OTM,1812,8,-0.17178652113657744,0.12669783050607064
2024,"12,110 American",Dynamic ET,ATM,1934,8,-0.4164145698965236,0.11895741685729055
2024,"12,110 American",Dynamic ET,ITM,1586,8,-0.28824224545973287,0.12557524188209318
2024,"12,110 American",Dynamic ET,deep ITM,3707,8,-0.6469829340919369,0.17903449100107874
2024,"12,110 American",ET-aug,all,11563,8,-0.19132261624894653,0.14652795546380692
2024,"12,110 American",ET-aug,deep OTM,2524,8,0.019655080591354568,0.13844857508755945
2024,"12,110 American",ET-aug,OTM,1812,8,-0.28754822899003196,0.13064938019370864
2024,"12,110 American",ET-aug,ATM,1934,8,-0.6073222935542419,0.1266973479741469
2024,"12,110 American",ET-aug,ITM,1586,8,-0.3937390296079193,0.1302410402654476
2024,"12,110 American",ET-aug,deep ITM,3707,8,-0.6575257193920079,0.1771046419619637
2024,"12,110 American",ET,all,11563,8,-0.20185812232937517,0.14673362235821155
2024,"12,110 American",ET,deep OTM,2524,8,0.02797519554382155,0.1383316818213154
2024,"12,110 American",ET,OTM,1812,8,-0.4124371830529454,0.1347029179078367
2024,"12,110 American",ET,ATM,1934,8,-0.8694235542446203,0.13332426575284392
2024,"12,110 American",ET,ITM,1586,8,-0.5716058010973903,0.13784341117465307
2024,"12,110 American",ET,deep ITM,3707,8,-0.5220286723153613,0.16913440600836255
2024,"12,110 American",RF,all,11563,8,-0.4752712689439045,0.1562628710789069
2024,"12,110 American",RF,deep OTM,2524,8,-0.12923452345162945,0.14649780354079175
2024,"12,110 American",RF,OTM,1812,8,-1.0785888611137708,0.15064692039842523
2024,"12,110 American",RF,ATM,1934,8,-1.7302897764595153,0.14743659994359312
2024,"12,110 American",RF,ITM,1586,8,-1.001692608161218,0.14961911623832935
2024,"12,110 American",RF,deep ITM,3707,8,-0.6370075068707046,0.1731040193530068
13,2019 in-sample,Dynamic ET,all,893,8,0.5303391757204293,0.08421778802911542
13,2019 in-sample,Dynamic ET,OTM,274,8,0.6339832760510073,0.07430655310218996
13,2019 in-sample,Dynamic ET,ATM,300,8,0.6211583295454302,0.06384660269999998
13,2019 in-sample,Dynamic ET,ITM,305,8,0.4182830381816073,0.11286496321311489
13,2019 in-sample,ET-aug,all,893,8,0.5798998044034622,0.0792590839081748
13,2019 in-sample,ET-aug,OTM,274,8,0.6962772469730594,0.06938934354014613
13,2019 in-sample,ET-aug,ATM,300,8,0.6546747163408493,0.05976390086666673
13,2019 in-sample,ET-aug,ITM,305,8,0.4711352261928251,0.10689830150819687
13,2019 in-sample,ET,all,893,8,0.6801111966032752,0.06906035078387471
13,2019 in-sample,ET,OTM,274,8,0.7604490611550732,0.060392707262773855
13,2019 in-sample,ET,ATM,300,8,0.746315407915744,0.052567869100000095
13,2019 in-sample,ET,ITM,305,8,0.5986102909065472,0.09236939259016415
13,2019 in-sample,RF,all,893,8,0.6473933473267044,0.07125690451061395
13,2019 in-sample,RF,OTM,274,8,0.7682811952541146,0.05857240539609289
13,2019 in-sample,RF,ATM,300,8,0.6260462566735743,0.05604758918319357
13,2019 in-sample,RF,ITM,305,8,0.5920566231339578,0.09653433292702042
13,2017 European,Dynamic ET,all,1700,8,-0.35406035968949356,0.1278452706058822
13,2017 European,Dynamic ET,OTM,412,8,0.11869874739967001,0.10557411924757269
13,2017 European,Dynamic ET,ATM,772,8,-0.8208050945397454,0.13470021260362688
13,2017 European,Dynamic ET,ITM,494,8,-0.35247651384809786,0.13529359040485794
13,2017 European,ET-aug,all,1700,8,-0.46862872177686676,0.13237800277058803
13,2017 European,ET-aug,OTM,412,8,0.04913776918544521,0.10954931317961146
13,2017 European,ET-aug,ATM,772,8,-1.0112172794775978,0.14059569954663206
13,2017 European,ET-aug,ITM,494,8,-0.4342937153900248,0.1385584925910927
13,2017 European,ET,all,1700,8,-0.5639321659327245,0.13498847082941157
13,2017 European,ET,OTM,412,8,0.015395398425328444,0.10793383837378619
13,2017 European,ET,ATM,772,8,-1.1239579909110011,0.14186158344559574
13,2017 European,ET,ITM,494,8,-0.5716914613892243,0.14675242585020215
13,2017 European,RF,all,1700,8,-0.7017137704889338,0.1372111707637724
13,2017 European,RF,OTM,412,8,-0.11258233304145682,0.1082081680856494
13,2017 European,RF,ATM,772,8,-1.265899274577451,0.1438205925649472
13,2017 European,RF,ITM,494,8,-0.736380145267036,0.15165200930616543
13,"12,110 American",Dynamic ET,all,11563,8,-0.12996027670569799,0.14407046786837324
13,"12,110 American",Dynamic ET,deep OTM,2524,8,0.04046299562161204,0.1390914767111729
13,"12,110 American",Dynamic ET,OTM,1812,8,-0.15271157906368926,0.1260744305634658
13,"12,110 American",Dynamic ET,ATM,1934,8,-0.4926641057644867,0.12163917166701146
13,"12,110 American",Dynamic ET,ITM,1586,8,-0.28445120838112015,0.1260963861986127
13,"12,110 American",Dynamic ET,deep ITM,3707,8,-0.5956398531919831,0.17564986189560275
13,"12,110 American",ET-aug,all,11563,8,-0.1935281878676398,0.1471066008464931
13,"12,110 American",ET-aug,deep OTM,2524,8,-0.009534867256970836,0.14207804282448502
13,"12,110 American",ET-aug,OTM,1812,8,-0.2525205780648465,0.12952630969039738
13,"12,110 American",ET-aug,ATM,1934,8,-0.6683163150465683,0.12839590923991742
13,"12,110 American",ET-aug,ITM,1586,8,-0.37496078582192727,0.13063695316078167
13,"12,110 American",ET-aug,deep ITM,3707,8,-0.6430070428170045,0.1759317712859454
13,"12,110 American",ET,all,11563,8,-0.19104113203719186,0.14624277780264647
13,"12,110 American",ET,deep OTM,2524,8,0.009227994493751779,0.14032810240927107
13,"12,110 American",ET,OTM,1812,8,-0.36946929911923476,0.13288300297406194
13,"12,110 American",ET,ATM,1934,8,-0.9077270176372358,0.13430635928128248
13,"12,110 American",ET,ITM,1586,8,-0.5008834613781707,0.13636585134489265
13,"12,110 American",ET,deep ITM,3707,8,-0.4987779603191811,0.16725340404073386
13,"12,110 American",RF,all,11563,8,-0.4753819679610991,0.15629521129311902
13,"12,110 American",RF,deep OTM,2524,8,-0.14876801028451703,0.14762738709235126
13,"12,110 American",RF,OTM,1812,8,-1.0695048989968168,0.14942105132451278
13,"12,110 American",RF,ATM,1934,8,-1.6950399349398166,0.1456572705186467
13,"12,110 American",RF,ITM,1586,8,-0.9813926071162669,0.14851020775012055
13,"12,110 American",RF,deep ITM,3707,8,-0.6420202578312706,0.17443774143147267
