fold,seed,model,r2,mae,secs
2017Q1,42,Dynamic ET,0.8523126924932837,0.0481673867456666,3.889333792001707
2017Q1,42,ET-aug,0.850880548981642,0.0480458329196666,5.014098082989221
2017Q1,42,BF-default,0.8570956377922951,0.0496068039117587,21.636440541013144
2017Q1,7,Dynamic ET,0.8507931938906821,0.0483636366626666,4.046315041006892
2017Q1,7,ET-aug,0.8499093420734349,0.0481924155409999,5.340140083004371
2017Q1,7,BF-default,0.8558643567486204,0.049655108092251,21.82729737499903
2017Q1,101,Dynamic ET,0.8515616866080256,0.0482950647529999,3.828584792005131
2017Q1,101,ET-aug,0.8515557370851581,0.0478737145886666,5.074525040996377
2017Q1,101,BF-default,0.8545514307569997,0.0502472629025869,21.840070000005653
2017Q1,2024,Dynamic ET,0.852150241607348,0.0478584422773333,3.930021874999511
2017Q1,2024,ET-aug,0.8496944594275733,0.0482177329643333,5.505223458996625
2017Q1,2024,BF-default,0.8548337231414289,0.0503002056877659,22.564795750004123
2017Q1,13,Dynamic ET,0.8523397959108853,0.0480851340309999,3.7807917919999454
2017Q1,13,ET-aug,0.8514089587885606,0.048031528382,5.499872542000958
2017Q1,13,BF-default,0.854400454457895,0.0502634215273847,22.80108075001044
2017Q2,42,Dynamic ET,0.9251814729104094,0.0262810574533333,3.822289333009394
2017Q2,42,ET-aug,0.9242579291387082,0.0264689113223333,5.508232082996983
2017Q2,42,BF-default,0.9153230072850056,0.0276904201871796,22.611105165997287
2017Q2,7,Dynamic ET,0.9255467923243824,0.0262679028293333,3.623000999999931
2017Q2,7,ET-aug,0.9249180942973316,0.0264446125269999,5.317535708003561
2017Q2,7,BF-default,0.9149788580687596,0.0278335006932018,21.133172834001016
2017Q2,101,Dynamic ET,0.925072986413303,0.0263189884226666,3.4765125830017496
2017Q2,101,ET-aug,0.9247394913986408,0.0264601394636666,4.679690625009243
2017Q2,101,BF-default,0.9156414645607108,0.0277234263546873,20.979428791993996
2017Q2,2024,Dynamic ET,0.9254739872061576,0.0262742649379999,3.444663207992562
2017Q2,2024,ET-aug,0.9244142273792376,0.0264552920469999,5.172050165987457
2017Q2,2024,BF-default,0.9159544953717258,0.0276336189556837,21.292025500006275
2017Q2,13,Dynamic ET,0.9252660267500448,0.0262890721543333,3.4307310420117574
2017Q2,13,ET-aug,0.9241890942352768,0.0264495977166666,5.134727208002005
2017Q2,13,BF-default,0.9154777016661556,0.0278347339368728,21.712076791998697
2017Q3,42,Dynamic ET,0.908931146941938,0.0344636578259999,3.643600541996421
2017Q3,42,ET-aug,0.9088945433917685,0.0346312805893333,4.961567541002296
2017Q3,42,BF-default,0.910238418953478,0.0330935450818578,21.93193591700401
2017Q3,7,Dynamic ET,0.908709563394554,0.0344312602699999,3.596237709003617
2017Q3,7,ET-aug,0.9087148408359276,0.0346249316446666,5.266980000000331
2017Q3,7,BF-default,0.9110262295443208,0.0330978725738032,22.444723291991977
2017Q3,101,Dynamic ET,0.9087111692738888,0.0344756288906666,3.8565008339937776
2017Q3,101,ET-aug,0.9086737549508374,0.0346539375179999,5.134687208003015
2017Q3,101,BF-default,0.9101325762501578,0.0330618827993112,22.102620499994373
2017Q3,2024,Dynamic ET,0.9087916915713148,0.0344775151386666,3.7553749159997096
2017Q3,2024,ET-aug,0.9087992782454984,0.0346184997946666,5.387119208011427
2017Q3,2024,BF-default,0.910387391174434,0.0331035813420915,21.89116670799558
2017Q3,13,Dynamic ET,0.9085039273979753,0.0344557694079999,3.635234333007247
2017Q3,13,ET-aug,0.908654028950602,0.0346784961459999,4.9208504159905715
2017Q3,13,BF-default,0.9106039039707514,0.0331122191882637,21.6290006670024
2017Q4,42,Dynamic ET,0.9190289027654728,0.0304128542093333,3.5837244580034167
2017Q4,42,ET-aug,0.9171023674546368,0.0306537746913333,4.9483992909954395
2017Q4,42,BF-default,0.9111528354222612,0.0315101484246702,21.718823249990237
2017Q4,7,Dynamic ET,0.9192852125323376,0.030418380479,3.5153270839946344
2017Q4,7,ET-aug,0.9179292335480536,0.0305828809183333,4.94680133399379
2017Q4,7,BF-default,0.9119649031987052,0.0314359785716342,21.462088375003077
2017Q4,101,Dynamic ET,0.9190028321850352,0.0304392276086666,3.4298272910091328
2017Q4,101,ET-aug,0.9177077093236116,0.030645065057,4.9866725410101935
2017Q4,101,BF-default,0.9108682276839144,0.0314662275713813,22.075375083004474
2017Q4,2024,Dynamic ET,0.918367359994576,0.0304672063243333,3.458149792000768
2017Q4,2024,ET-aug,0.918290931587778,0.0305776376406666,5.029486084007658
2017Q4,2024,BF-default,0.9112756404900288,0.0314784427173913,21.73981779201131
2017Q4,13,Dynamic ET,0.9191943418158424,0.0304309385043333,3.6835339999961434
2017Q4,13,ET-aug,0.9178350362598966,0.0306464929306666,5.53330266699777
2017Q4,13,BF-default,0.9110603215864552,0.0314969352229465,22.0035390839912
2018Q1,42,Dynamic ET,0.9139149238291752,0.0340546396599999,3.4512398329970893
2018Q1,42,ET-aug,0.9138475237557696,0.0341517584233333,5.107265333994292
2018Q1,42,BF-default,0.9003729480800475,0.0357935961918207,21.557866791001288
2018Q1,7,Dynamic ET,0.9135736985704443,0.0340913153993333,3.2150928330083843
2018Q1,7,ET-aug,0.9134045533391308,0.0341671262273333,4.961894249994657
2018Q1,7,BF-default,0.9006011470088524,0.0358067864082005,21.74696083299932
2018Q1,101,Dynamic ET,0.913743344294653,0.0340722618173333,3.3358197920024395
2018Q1,101,ET-aug,0.9137632731931528,0.0341732695893333,5.348122374998638
2018Q1,101,BF-default,0.9005096513527547,0.035842807174926,21.51057587499963
2018Q1,2024,Dynamic ET,0.913579438311979,0.0341181016519999,3.3240400000067893
2018Q1,2024,ET-aug,0.9138480995270488,0.034173949402,4.98258004199306
2018Q1,2024,BF-default,0.900334661462136,0.0359090584001275,21.2431027499988
2018Q1,13,Dynamic ET,0.9140216561907232,0.0340738372293333,3.558350833001896
2018Q1,13,ET-aug,0.9140278280852469,0.034132838912,4.850885792009649
2018Q1,13,BF-default,0.9014093466740344,0.0357364818458028,21.453372832998863
2018Q2,42,Dynamic ET,0.937936458758364,0.0302821040266667,3.130281042002025
2018Q2,42,ET-aug,0.9377968255467564,0.0299803372073333,4.635455459007062
2018Q2,42,BF-default,0.933785902494662,0.0320475371647137,21.198820958001303
2018Q2,7,Dynamic ET,0.9382314242087394,0.0302611211893333,3.3055191669991473
2018Q2,7,ET-aug,0.9378369004667434,0.0300282696173333,4.969213332995423
2018Q2,7,BF-default,0.9335275095310108,0.0321025071122674,21.170894625000074
2018Q2,101,Dynamic ET,0.9380770466498144,0.0302607755026667,3.231335750009748
2018Q2,101,ET-aug,0.9377020982588667,0.0300310922913333,4.871710874998826
2018Q2,101,BF-default,0.9338877103389214,0.0320006134032841,21.309311332996003
2018Q2,2024,Dynamic ET,0.9380019142443464,0.0302746173806667,3.4543302499951096
2018Q2,2024,ET-aug,0.9379679742424576,0.0300523407806666,4.826086375003797
2018Q2,2024,BF-default,0.9338731234093288,0.03209494757896,22.393329832993913
2018Q2,13,Dynamic ET,0.9379413024481478,0.030255648296,3.380103041999974
2018Q2,13,ET-aug,0.9380958668306644,0.0300205460766666,5.301526790994103
2018Q2,13,BF-default,0.9340044439653228,0.0320672928827893,22.181802042003255
2018Q3,42,Dynamic ET,0.939567293416633,0.0313164229366666,3.01761087498744
2018Q3,42,ET-aug,0.9393330346729888,0.0318390032426667,5.092511750000995
2018Q3,42,BF-default,0.9306523691947008,0.0328026841872677,22.0428929579939
2018Q3,7,Dynamic ET,0.9394162609250474,0.031221988284,3.157000709004933
2018Q3,7,ET-aug,0.939193501317092,0.0318533846573333,5.012022125010844
2018Q3,7,BF-default,0.9301739999031424,0.0329311074596745,21.76877766700636
2018Q3,101,Dynamic ET,0.9396095898372436,0.0313450789993333,3.031087374998606
2018Q3,101,ET-aug,0.939768696275762,0.0317330361726667,5.521039083003416
2018Q3,101,BF-default,0.9302995317156008,0.0329036008797975,21.49775758301257
2018Q3,2024,Dynamic ET,0.9392563916242396,0.0313687065706667,3.129336833007983
2018Q3,2024,ET-aug,0.9393356138450646,0.0318155698373333,5.011024750012439
2018Q3,2024,BF-default,0.93094261494268,0.0328010490227305,21.19729716599977
2018Q3,13,Dynamic ET,0.9395363875399332,0.031313565284,2.9470754580106586
2018Q3,13,ET-aug,0.939294426407954,0.0318731527226667,4.698670166995726
2018Q3,13,BF-default,0.9302434606358188,0.0330072348958478,21.106944458006183
2018Q4,42,Dynamic ET,0.8458885186267247,0.0623577408826666,2.9477062079968164
2018Q4,42,ET-aug,0.8453846281913037,0.0624555927406666,4.918372667001677
2018Q4,42,BF-default,0.8326778491634464,0.0625039723786443,21.18792712499271
2018Q4,7,Dynamic ET,0.8456985218558648,0.062358369222,3.1150304170005256
2018Q4,7,ET-aug,0.8449600754468759,0.062512927754,4.778447791002691
2018Q4,7,BF-default,0.8310267451229507,0.0626484642877451,21.21951079199789
2018Q4,101,Dynamic ET,0.8455982849719048,0.0624059176659999,3.055071583003155
2018Q4,101,ET-aug,0.8447906873171707,0.0625038024373333,4.9476598750043195
2018Q4,101,BF-default,0.8312286394393128,0.0626185615649013,21.19615720800357
2018Q4,2024,Dynamic ET,0.8454913174267247,0.0623886107106666,2.981755291999434
2018Q4,2024,ET-aug,0.845302426731732,0.06245996334,4.96247816599498
2018Q4,2024,BF-default,0.8325276335156732,0.0625706414368129,21.22563108400209
2018Q4,13,Dynamic ET,0.8456508416029264,0.0623329596033333,3.053758166002808
2018Q4,13,ET-aug,0.845225452590448,0.0624376040226666,5.000572958990233
2018Q4,13,BF-default,0.8324711769456745,0.0625106108991371,21.666529084002832
2019Q1,42,Dynamic ET,0.9291436589524662,0.0373479153536666,3.005985124997096
2019Q1,42,ET-aug,0.9258188527085266,0.0395243334826666,4.866715166994254
2019Q1,42,BF-default,0.9270632691667948,0.0355025961182806,21.932579790998716
2019Q1,7,Dynamic ET,0.9295060778758784,0.0373342953723333,3.2574254579958506
2019Q1,7,ET-aug,0.9258299845720932,0.0395373449723333,4.805305834001047
2019Q1,7,BF-default,0.926647618455074,0.0356106310643113,21.43824591599696
2019Q1,101,Dynamic ET,0.9291261142604226,0.0373831067376666,3.038359208003385
2019Q1,101,ET-aug,0.926196818726456,0.0394695736673333,5.46314741599781
2019Q1,101,BF-default,0.92658436309847,0.0355905437201422,21.41722233399923
2019Q1,2024,Dynamic ET,0.9296086945459784,0.0373504457283333,2.941481374989962
2019Q1,2024,ET-aug,0.9259509915099786,0.039536516815,4.846827458997723
2019Q1,2024,BF-default,0.9266115565398902,0.0355302160297874,21.300075999999535
2019Q1,13,Dynamic ET,0.9296233390378816,0.0373241044903333,2.9732300420000684
2019Q1,13,ET-aug,0.9257311537312588,0.0395350868246666,4.777544750002562
2019Q1,13,BF-default,0.926871948791888,0.0354832404560321,21.27142879200983
2019Q2,42,Dynamic ET,0.9206489961931044,0.0362515856573333,2.973500916006742
2019Q2,42,ET-aug,0.9203078902282852,0.0366096099633333,4.98118941699795
2019Q2,42,BF-default,0.915138172567307,0.0356937417923353,21.295394542001304
2019Q2,7,Dynamic ET,0.920739809883074,0.036222792262,2.934466082995641
2019Q2,7,ET-aug,0.9198150729784343,0.036665090014,5.2727683749981225
2019Q2,7,BF-default,0.9146115143781526,0.0357395372175824,21.385779999996885
2019Q2,101,Dynamic ET,0.9204924329791596,0.0362604560486666,2.9817694170051254
2019Q2,101,ET-aug,0.9196323352595862,0.0366789676313333,4.735384334009723
2019Q2,101,BF-default,0.9137415181426748,0.0357878000180363,21.361058459006017
2019Q2,2024,Dynamic ET,0.9205698771276,0.0362178696826666,3.087768917001086
2019Q2,2024,ET-aug,0.9199117545944056,0.036670696264,4.840114000005997
2019Q2,2024,BF-default,0.9137635004679928,0.0357516970588786,21.45497666700976
2019Q2,13,Dynamic ET,0.9210293578483002,0.036212385132,2.9176070839894237
2019Q2,13,ET-aug,0.9199081551089834,0.0366286880126666,5.135788916013553
2019Q2,13,BF-default,0.9145500107562344,0.0357117338431648,21.43968754199159
2019Q3,42,Dynamic ET,0.9276793392935596,0.0299720349683333,2.96676995800226
2019Q3,42,ET-aug,0.925981470541498,0.0305978975976666,4.965600541996537
2019Q3,42,BF-default,0.9265906876702116,0.0291632425254783,21.36154616699787
2019Q3,7,Dynamic ET,0.9278272584109656,0.0299483819996666,2.981084541999735
2019Q3,7,ET-aug,0.925776098417782,0.030597049772,5.005883958001505
2019Q3,7,BF-default,0.926106966568958,0.0291499267101646,21.4059758749936
2019Q3,101,Dynamic ET,0.9277678324373894,0.0299714277513333,3.0388817909988575
2019Q3,101,ET-aug,0.925635668085628,0.0306226872683333,5.0425102500012144
2019Q3,101,BF-default,0.925414354544418,0.0292503664914157,21.514420541992877
2019Q3,2024,Dynamic ET,0.9280837829231772,0.0299272177973333,2.969868416999816
2019Q3,2024,ET-aug,0.9259714415301412,0.0305662008486666,4.89825870799541
2019Q3,2024,BF-default,0.9263868954155856,0.0291489400183663,21.22996854200028
2019Q3,13,Dynamic ET,0.9278799573724384,0.0299344505966666,2.9502460840012645
2019Q3,13,ET-aug,0.9259122185994942,0.0305731740333333,4.84997516599833
2019Q3,13,BF-default,0.9259855250475446,0.0292059469571292,21.269594500001404
2019Q4,42,Dynamic ET,0.9141615713095856,0.0332043406256666,3.069497667005635
2019Q4,42,ET-aug,0.91261776393437,0.0336597097309999,4.692896207998274
2019Q4,42,BF-default,0.9079719112757856,0.0340693104666025,21.09890241699759
2019Q4,7,Dynamic ET,0.9142714527097496,0.0331084260949999,2.9633085840032436
2019Q4,7,ET-aug,0.91293049850222,0.0335661439779999,4.753953709005145
2019Q4,7,BF-default,0.9077621456199676,0.0341190735842519,21.096228249996784
2019Q4,101,Dynamic ET,0.9143507701219048,0.0332027682056666,2.9166257079923525
2019Q4,101,ET-aug,0.9123719940684746,0.0336441103586666,5.001519707991974
2019Q4,101,BF-default,0.9081579545718044,0.0341580532900055,21.10531070799334
2019Q4,2024,Dynamic ET,0.9149157326980748,0.0330433815703333,2.9768998329964234
2019Q4,2024,ET-aug,0.9127823621443898,0.0335997652706666,4.913581957996939
2019Q4,2024,BF-default,0.907727708731726,0.0341220196811062,21.21275308300392
2019Q4,13,Dynamic ET,0.9149249300089252,0.0329435699039999,3.0224280419934075
2019Q4,13,ET-aug,0.9129021624434202,0.0336399297843333,4.930323999986285
2019Q4,13,BF-default,0.9078264509455912,0.0343831273675949,21.298793458001455
2020Q1,42,Dynamic ET,0.6320320598156036,0.0977564524506666,2.9920892499940237
2020Q1,42,ET-aug,0.6295584910125774,0.0983999619626666,4.723884208011441
2020Q1,42,BF-default,0.6060278892477081,0.0987667573958437,20.92223029199522
2020Q1,7,Dynamic ET,0.6327394296943065,0.0976857391183333,3.059261709000566
2020Q1,7,ET-aug,0.6301409439113893,0.0983392223933333,4.92378962499788
2020Q1,7,BF-default,0.6047278107609781,0.0988467880342022,20.964975416995003
2020Q1,101,Dynamic ET,0.6318937470493996,0.097780567362,2.929123583002365
2020Q1,101,ET-aug,0.6288357193971666,0.0985276966316666,5.0255685000011
2020Q1,101,BF-default,0.606771631643084,0.0986811794073713,20.94311691699841
2020Q1,2024,Dynamic ET,0.6321515907931755,0.0977495133253333,2.9142659589997493
2020Q1,2024,ET-aug,0.6295998011858881,0.098450238899,4.68343029099924
2020Q1,2024,BF-default,0.6053349906505046,0.0987262588773137,20.992256541008828
2020Q1,13,Dynamic ET,0.6329176256865349,0.097740846774,2.919165500003146
2020Q1,13,ET-aug,0.6287157377900165,0.0984878366806666,4.558075792010641
2020Q1,13,BF-default,0.603595476032059,0.0988896392236625,20.96771104200161
2020Q2,42,Dynamic ET,0.8862312640923662,0.0609106951566666,2.954798959006439
2020Q2,42,ET-aug,0.8839545470260743,0.0612953615633333,4.770141333996435
2020Q2,42,BF-default,0.8785760849106302,0.060492125657757,21.443070334004005
2020Q2,7,Dynamic ET,0.8871741713886272,0.0608087819073333,2.944584416007274
2020Q2,7,ET-aug,0.88379640484184,0.06130134934,5.144219958994654
2020Q2,7,BF-default,0.8780103592304909,0.0604321918049307,21.55542908400821
2020Q2,101,Dynamic ET,0.8870959127230795,0.0608334998806666,3.183588875006535
2020Q2,101,ET-aug,0.8835164494989389,0.0613661723606666,4.999231541005429
2020Q2,101,BF-default,0.8784845140054063,0.0605688390979328,21.4718387920002
2020Q2,2024,Dynamic ET,0.8864018377209686,0.0608872082619999,2.9579047500010347
2020Q2,2024,ET-aug,0.8840547621516655,0.061298710748,4.91045862500323
2020Q2,2024,BF-default,0.8794994290993589,0.0604244038382941,21.391411000004155
2020Q2,13,Dynamic ET,0.8873049139771187,0.0606802482573333,2.990655457993853
2020Q2,13,ET-aug,0.8839659556775823,0.061262025014,4.859266125000431
2020Q2,13,BF-default,0.8786179627339346,0.0605500814653682,21.392201374997967
2020Q3,42,Dynamic ET,0.7496315150089418,0.0931913346226667,3.064801083994098
2020Q3,42,ET-aug,0.7415282717941798,0.094131297976,4.943355541996425
2020Q3,42,BF-default,0.7491957616403639,0.0912858169262309,21.328462749996103
2020Q3,7,Dynamic ET,0.7502568413737377,0.093148983968,3.0010199590033153
2020Q3,7,ET-aug,0.7406334140860118,0.0942233911333334,4.927918458997738
2020Q3,7,BF-default,0.7541813666814439,0.0905089584594775,21.413982874990324
2020Q3,101,Dynamic ET,0.7502461029494302,0.093141940744,3.069604167001671
2020Q3,101,ET-aug,0.740829604932767,0.0941884075846667,5.084690875009983
2020Q3,101,BF-default,0.750787932996315,0.0909144620599524,21.253754040997592
2020Q3,2024,Dynamic ET,0.7506921595512963,0.093095661658,2.9490928330051247
2020Q3,2024,ET-aug,0.7411501487418813,0.0941535877433333,5.143352707993472
2020Q3,2024,BF-default,0.7506487385269858,0.0910302208159757,21.450580541990348
2020Q3,13,Dynamic ET,0.7485626083335666,0.093477376372,3.0037261249963194
2020Q3,13,ET-aug,0.7414086334840722,0.0941362082693333,4.681980834007845
2020Q3,13,BF-default,0.7501257288378279,0.0909705413309967,21.274971083999844
2020Q4,42,Dynamic ET,0.7329924764609901,0.0893411636140002,3.3319428749964572
2020Q4,42,ET-aug,0.7134850244819475,0.0936299182360002,4.7621558329992695
2020Q4,42,BF-default,0.7566238797093244,0.0808347529837687,21.479813749989265
2020Q4,7,Dynamic ET,0.7319701186665809,0.0895828035033335,3.1690733750001527
2020Q4,7,ET-aug,0.7128602336933347,0.0937001184880002,4.793789874995127
2020Q4,7,BF-default,0.7553273229304527,0.0813154121533669,21.384271791001083
2020Q4,101,Dynamic ET,0.7316783035358873,0.0895629507400001,3.257820750004612
2020Q4,101,ET-aug,0.7122132451441194,0.0938571317240002,4.806476957994164
2020Q4,101,BF-default,0.7575668316278245,0.080864926166023,21.391963709000265
2020Q4,2024,Dynamic ET,0.7323271408695078,0.0895225660066668,3.273746332997689
2020Q4,2024,ET-aug,0.7136483982471338,0.0936222610280002,4.742351749999216
2020Q4,2024,BF-default,0.7575970248825361,0.0809273760692479,21.355496042000595
2020Q4,13,Dynamic ET,0.733477357818938,0.0893372180073334,3.121194832987385
2020Q4,13,ET-aug,0.7129864415754594,0.0936882598093335,5.017982541001402
2020Q4,13,BF-default,0.755735262742848,0.0812373993197319,21.359972457998083
2017Q1,42,CatBoost,0.8494792444839578,0.05228224394849712,0.712798833992565
2017Q1,42,XGBoost,0.8249541415599975,0.059139547994286855,1.236571167013608
2017Q1,42,RF,0.8510724532055512,0.050459849827672494,1.4640553749923129
2017Q1,42,ET,0.8125391082218331,0.05784314648466663,3.0284422090044245
2017Q1,7,CatBoost,0.8517151489837527,0.051984878885726025,0.6438877919863444
2017Q1,7,XGBoost,0.7989572451677637,0.06272754918844652,1.3348263330117334
2017Q1,7,RF,0.8505404096275431,0.050578150840192994,1.4382696250104345
2017Q1,7,ET,0.8137666134690332,0.05721190348999993,2.9271700420067646
2017Q1,101,CatBoost,0.8440563835337409,0.0525544144624351,0.6492656250193249
2017Q1,101,XGBoost,0.808660080981001,0.06138353835937659,1.3709754160081502
2017Q1,101,RF,0.8509171281723099,0.05061012647536409,1.4627872499986552
2017Q1,101,ET,0.8122952081386425,0.05751193475666661,3.100415332999546
2017Q1,2024,CatBoost,0.8494069458121978,0.05224536568116279,0.5972328329808079
2017Q1,2024,XGBoost,0.8116392402242838,0.060887701672518564,1.4036612909985706
2017Q1,2024,RF,0.8492724141566539,0.050680464898053196,1.4812136249965988
2017Q1,2024,ET,0.8124462582229932,0.05747800006599995,3.2617145830008667
2017Q1,13,CatBoost,0.836071034488132,0.05476785210095353,0.6234067500045057
2017Q1,13,XGBoost,0.8063728808274785,0.06108210924909099,1.4466566659975797
2017Q1,13,RF,0.8515291485189289,0.050488286614620875,1.5210297080047894
2017Q1,13,ET,0.8138111881523231,0.05728413619466659,3.121492834005039
2017Q2,42,CatBoost,0.9199421198612638,0.0282649653699055,0.641639417008264
2017Q2,42,XGBoost,0.9161766088741866,0.02893507726763455,1.4120399160019588
2017Q2,42,RF,0.9217713392329612,0.027981614163151047,1.4986834579904098
2017Q2,42,ET,0.9154329387731471,0.02692826208466666,3.236069625010714
2017Q2,7,CatBoost,0.9195347478747045,0.028296556607017066,0.6601512499910314
2017Q2,7,XGBoost,0.9098334307378315,0.029885204669390517,1.453596125007607
2017Q2,7,RF,0.9214654001281806,0.027943978749740375,1.5054987920157146
2017Q2,7,ET,0.91628905470356,0.026884939374333314,3.262812250002753
2017Q2,101,CatBoost,0.9190015258570103,0.028483717442147335,0.6662006669794209
2017Q2,101,XGBoost,0.9088205194538272,0.030299619186821936,1.4434809999947902
2017Q2,101,RF,0.9208880759762241,0.028000489773292156,1.5050392080156598
2017Q2,101,ET,0.9159431653976605,0.026893107121999993,3.5863002080004662
2017Q2,2024,CatBoost,0.9212441800173408,0.02853502307883757,0.6665824580122717
2017Q2,2024,XGBoost,0.9123673379122504,0.029062280776256083,1.4179832499939948
2017Q2,2024,RF,0.9213140751780735,0.028001351930886563,1.5122404169815127
2017Q2,2024,ET,0.915347453849993,0.026886735987333325,3.426343540981179
2017Q2,13,CatBoost,0.9198042774491462,0.028689796381111334,0.6419567499833647
2017Q2,13,XGBoost,0.9074434071651745,0.029971789334597907,1.3923181669961195
2017Q2,13,RF,0.9205289308274099,0.02801854900900985,1.4694199159857817
2017Q2,13,ET,0.9151978762420843,0.026911529949999992,3.1168150829907972
2017Q3,42,CatBoost,0.9080961377904672,0.03577399871225372,0.6326747079729103
2017Q3,42,XGBoost,0.9049042446663865,0.03543756602253739,1.4591128329921048
2017Q3,42,RF,0.9139520476848872,0.034524989628023986,1.498172124993289
2017Q3,42,ET,0.911210247673885,0.034521105049999966,3.219612667016918
2017Q3,7,CatBoost,0.9095600283581756,0.035485989485617056,0.6414591660141014
2017Q3,7,XGBoost,0.9015603560966795,0.035383891561303775,1.418519416009076
2017Q3,7,RF,0.9144351833929791,0.03441707554168257,1.48364258397487
2017Q3,7,ET,0.9110948852953517,0.0345235180473333,3.230412292003166
2017Q3,101,CatBoost,0.9086345211153212,0.03551191729778793,0.6441040410136338
2017Q3,101,XGBoost,0.8983064939036198,0.035899578516398745,1.3376801249978598
2017Q3,101,RF,0.9136971077576705,0.03446843548908698,1.4691004159976728
2017Q3,101,ET,0.9106794028149907,0.03451022391799997,3.245863582997117
2017Q3,2024,CatBoost,0.9087498646482817,0.03571966415629858,0.6458728340221569
2017Q3,2024,XGBoost,0.9026307566698301,0.03546494755000305,1.43959629200981
2017Q3,2024,RF,0.9141509781215778,0.03451224979519634,1.5081969999882858
2017Q3,2024,ET,0.9101751566415197,0.034554102018666634,3.29216691700276
2017Q3,13,CatBoost,0.9074773649446329,0.0358687588005245,0.6270556669915095
2017Q3,13,XGBoost,0.9024699514192613,0.035237627992658935,1.361308082996402
2017Q3,13,RF,0.9143745331872601,0.03446515942557142,1.4529279590060469
2017Q3,13,ET,0.9100964997213614,0.034558987247333306,3.4190136669785716
2017Q4,42,CatBoost,0.9209305944968752,0.03291022283918218,0.6540892089833505
2017Q4,42,XGBoost,0.9045640224543344,0.03367526544426855,1.3920575419906527
2017Q4,42,RF,0.9178735709444419,0.030774456085711246,1.5692940419830848
2017Q4,42,ET,0.911373570518621,0.031260756546,3.24502550001489
2017Q4,7,CatBoost,0.9188208482284124,0.03311654860702956,0.6375614169810433
2017Q4,7,XGBoost,0.9045682378265963,0.034268605501395544,1.4064162080176175
2017Q4,7,RF,0.9187309230084445,0.030738402667850794,1.5668751249904744
2017Q4,7,ET,0.9114371304699856,0.031229580946000004,3.293031500012148
2017Q4,101,CatBoost,0.9205432336907152,0.03275843061293719,0.6430734580208082
2017Q4,101,XGBoost,0.8937677203335219,0.0357191810544494,1.4323282919940539
2017Q4,101,RF,0.9176350884560346,0.030761689008403703,1.5217975839914288
2017Q4,101,ET,0.912178785934314,0.031149799485666662,3.229531125020003
2017Q4,2024,CatBoost,0.9192531223777142,0.03313231603834852,0.6361995409824885
2017Q4,2024,XGBoost,0.9057550434129974,0.03398735555851078,1.4496308339876123
2017Q4,2024,RF,0.9176640644013244,0.03075495383384185,1.5269826249859761
2017Q4,2024,ET,0.9117197100761769,0.031205159773,3.1139026250166353
2017Q4,13,CatBoost,0.9189685039194122,0.033269144224696325,0.6450441659835633
2017Q4,13,XGBoost,0.9018247033844135,0.03466197272106329,1.4503728749987204
2017Q4,13,RF,0.9191080358277672,0.03070911505423257,1.5357352500141133
2017Q4,13,ET,0.9112441568274655,0.031224839763000008,3.141764875006629
2018Q1,42,CatBoost,0.914613031361999,0.034349669111915435,0.6412389580218587
2018Q1,42,XGBoost,0.9105716996622875,0.035549699028152144,1.3967922079900745
2018Q1,42,RF,0.908832175993376,0.03546359479701659,1.515342500002589
2018Q1,42,ET,0.9092459835201784,0.034995472296666684,3.343467958999099
2018Q1,7,CatBoost,0.9155887033116746,0.03406404117349905,0.6454034580092411
2018Q1,7,XGBoost,0.9126821641149533,0.03513880850199254,1.4317464589839801
2018Q1,7,RF,0.9091716794845868,0.035417308029227476,1.5361320000083651
2018Q1,7,ET,0.9093274683005834,0.035051296450000026,3.181618124974193
2018Q1,101,CatBoost,0.9149978570664594,0.03403178105983766,0.6489574169972911
2018Q1,101,XGBoost,0.9065476243984825,0.036754116105682536,1.4748965420003515
2018Q1,101,RF,0.9097521384492275,0.03536771872083805,1.5407417909882497
2018Q1,101,ET,0.9096090413767011,0.03496165997266668,3.169834041997092
2018Q1,2024,CatBoost,0.9131604619282326,0.03454070383329786,0.6471858750155661
2018Q1,2024,XGBoost,0.913951798973102,0.03473300569187482,1.4423893329803832
2018Q1,2024,RF,0.9096933885494787,0.03535755666462025,1.5486255409778096
2018Q1,2024,ET,0.9095195807132375,0.035011603710000026,3.295607165986439
2018Q1,13,CatBoost,0.9169381321214116,0.034283946306331546,0.6598483750130981
2018Q1,13,XGBoost,0.9101465730891181,0.035807505431911156,1.3602709590049926
2018Q1,13,RF,0.9092181880642418,0.035366908688747076,1.54849999997532
2018Q1,13,ET,0.9097879109110081,0.03494887062933335,3.117984707991127
2018Q2,42,CatBoost,0.9334121661749779,0.030244101318446147,0.6431812910013832
2018Q2,42,XGBoost,0.9417226383948025,0.029269144145991643,1.4190552919753827
2018Q2,42,RF,0.9359765825963853,0.03242145822041783,1.5154451670241542
2018Q2,42,ET,0.9344646879802921,0.030009649943333373,3.2518813330098055
2018Q2,7,CatBoost,0.9316409899964536,0.03030392322590529,0.638935708993813
2018Q2,7,XGBoost,0.9412978922079059,0.028735890660767555,1.419691499992041
2018Q2,7,RF,0.936492995680026,0.032397163292267,1.5378416669846047
2018Q2,7,ET,0.9338000965952034,0.030129648826666695,3.302695708000101
2018Q2,101,CatBoost,0.9330347382195047,0.030546475015917507,0.6372877079993486
2018Q2,101,XGBoost,0.9387215479849437,0.02992654701229922,1.3972334580030292
2018Q2,101,RF,0.936004387812468,0.03248259070003384,1.4896315000078175
2018Q2,101,ET,0.9341761603187567,0.030037919940000022,3.196785166976042
2018Q2,2024,CatBoost,0.927921215532943,0.030671519168768986,0.6413920419872738
2018Q2,2024,XGBoost,0.9402285531488461,0.029214448813278195,1.3370532920234837
2018Q2,2024,RF,0.9362913789168179,0.03244635487682942,1.5387890000129119
2018Q2,2024,ET,0.93379523515431,0.030117455668000028,3.2530526669870596
2018Q2,13,CatBoost,0.9306385210087715,0.030146257632692294,0.6444073749880772
2018Q2,13,XGBoost,0.9393271578195823,0.02932737601454258,1.4044318330124952
2018Q2,13,RF,0.936138359147185,0.03243037909871682,1.5377328339964151
2018Q2,13,ET,0.9339217536143419,0.030161726472000033,3.3060294580063783
2018Q3,42,CatBoost,0.9382782221231474,0.03402866447411459,0.6447767089994159
2018Q3,42,XGBoost,0.9294225194342317,0.035568658347146995,1.4073079590161797
2018Q3,42,RF,0.9347011420603593,0.03220889807044779,1.5319190830050502
2018Q3,42,ET,0.9258675725855932,0.03499122128733334,3.167315792001318
2018Q3,7,CatBoost,0.937257518346212,0.0340502904449842,0.6478905419935472
2018Q3,7,XGBoost,0.923741622506677,0.03722483521354675,1.4073517079814337
2018Q3,7,RF,0.934492593326337,0.03213096648206871,1.5647497910249513
2018Q3,7,ET,0.9252816666960599,0.035121098748,3.2305415000009816
2018Q3,101,CatBoost,0.9354495340455595,0.03438859147113765,0.6395855409791693
2018Q3,101,XGBoost,0.9228843499652047,0.03791516006730334,1.3846344999910798
2018Q3,101,RF,0.9355275383373858,0.032133944306545044,1.5004389169916976
2018Q3,101,ET,0.9259453057723203,0.03502615471733333,3.2222500419884454
2018Q3,2024,CatBoost,0.9379742039093819,0.033704996308094676,0.663624083972536
2018Q3,2024,XGBoost,0.9282373913116904,0.03645848322964351,1.4221620000025723
2018Q3,2024,RF,0.9353488797013388,0.03214693994501543,1.4428019170009065
2018Q3,2024,ET,0.9262087461661763,0.034890721729333336,3.0618671250122134
2018Q3,13,CatBoost,0.9369181461493671,0.034152174769871126,0.6426068750151899
2018Q3,13,XGBoost,0.9255963398306427,0.03678878673246384,1.3998348749883007
2018Q3,13,RF,0.9350697213363617,0.0321000306541085,1.4786737080139574
2018Q3,13,ET,0.9248649476446879,0.035189528229333335,3.262488874985138
2018Q4,42,CatBoost,0.8349787495617822,0.064762719862785,0.6486722919798922
2018Q4,42,XGBoost,0.8235315419245657,0.06595228417774042,1.4019716670154594
2018Q4,42,RF,0.8303711793358426,0.06563011718060624,1.5389146249799524
2018Q4,42,ET,0.8308872458927554,0.06420777704466665,3.2832652920042165
2018Q4,7,CatBoost,0.8337148332765081,0.0646776900641448,0.6403730839956552
2018Q4,7,XGBoost,0.8228283586316135,0.06606111940180603,1.3706639999873005
2018Q4,7,RF,0.8310020380766929,0.06556589808342998,1.4700759160041343
2018Q4,7,ET,0.8311345276432855,0.06415456113866666,3.1955103749933187
2018Q4,101,CatBoost,0.8343131998574581,0.06499105795038206,0.6435580829856917
2018Q4,101,XGBoost,0.8180451921999606,0.06648338969852988,1.372816834016703
2018Q4,101,RF,0.8295704990674904,0.06566836975938059,1.440453332994366
2018Q4,101,ET,0.8316037893390182,0.06414056203333333,3.113005124992924
2018Q4,2024,CatBoost,0.8349420274651953,0.06495212276296308,0.6447836669976823
2018Q4,2024,XGBoost,0.823727343962065,0.06585966350800689,1.3636203340138309
2018Q4,2024,RF,0.8303822295195483,0.06562991890694454,1.568361499987077
2018Q4,2024,ET,0.8314066412464861,0.06417704704933333,3.2879109590139706
2018Q4,13,CatBoost,0.8342500356795647,0.06499727113424428,0.6455341250111815
2018Q4,13,XGBoost,0.8209014096487084,0.06613384627985779,1.4493860839866102
2018Q4,13,RF,0.8304217803242706,0.06563563109769098,1.5051102500001434
2018Q4,13,ET,0.8314852500831069,0.06416064275466668,3.252304624998942
2019Q1,42,CatBoost,0.9226346896429539,0.04112939535802211,0.6475022090016864
2019Q1,42,XGBoost,0.9009691091120136,0.04894011941228708,1.36002108399407
2019Q1,42,RF,0.9100659613149411,0.041578294521177346,1.510717791999923
2019Q1,42,ET,0.9231110427448194,0.04050927826866667,3.192973666009493
2019Q1,7,CatBoost,0.9236015220872418,0.04092182520481709,0.6409488340141252
2019Q1,7,XGBoost,0.9017528714957719,0.04847038798655193,1.4528051250090357
2019Q1,7,RF,0.9120620827326085,0.04130894768161235,1.4922837500052992
2019Q1,7,ET,0.9233057393570031,0.040460109230333316,3.220223291980801
2019Q1,101,CatBoost,0.9232705961841838,0.040986788002114825,0.6447000829793978
2019Q1,101,XGBoost,0.8994314453545756,0.049567590001357714,1.4010542500182055
2019Q1,101,RF,0.9122792354421833,0.0412775141160614,1.472776792012155
2019Q1,101,ET,0.9227913219287498,0.040565644768,3.1886191670200787
2019Q1,2024,CatBoost,0.923068057607659,0.041128019526938654,0.6464550830132794
2019Q1,2024,XGBoost,0.9034337033733244,0.048105533600211144,1.3595237919944339
2019Q1,2024,RF,0.9126729766524967,0.041316230367946655,1.4846177919826005
2019Q1,2024,ET,0.9226244606390623,0.040573052959999995,3.31276779199834
2019Q1,13,CatBoost,0.9227354440392279,0.041093350686232225,0.6414834580209572
2019Q1,13,XGBoost,0.9019284414713489,0.04907146489478525,1.4467302089906298
2019Q1,13,RF,0.910623855775302,0.04146738490577248,1.4747364579816349
2019Q1,13,ET,0.92295483944698,0.04050684233633333,3.2622708340059035
2019Q2,42,CatBoost,0.9233870718493766,0.03753034548769769,0.6421013750077691
2019Q2,42,XGBoost,0.915221486703424,0.03970510457128477,1.4130160830100067
2019Q2,42,RF,0.9153353324736428,0.037341429353629975,1.476007874996867
2019Q2,42,ET,0.9184341746166974,0.036643160591333365,3.3397304579848424
2019Q2,7,CatBoost,0.9232019379366042,0.037582017832941406,0.6508196250069886
2019Q2,7,XGBoost,0.9138461444257755,0.03980848034609572,1.4292792080086656
2019Q2,7,RF,0.9151273754255619,0.03739438095704206,1.5093218330002856
2019Q2,7,ET,0.9181372215880306,0.03662346943133337,3.269115500006592
2019Q2,101,CatBoost,0.9230212479404716,0.03745998442979806,0.6499401250039227
2019Q2,101,XGBoost,0.9118291232461934,0.040646858434824934,1.386621459008893
2019Q2,101,RF,0.9157188883067513,0.037397888762294704,1.4737564579991158
2019Q2,101,ET,0.9182386525688708,0.03665721065000004,3.2584622919966932
2019Q2,2024,CatBoost,0.9237796885311327,0.03739266235505967,0.6395854589936789
2019Q2,2024,XGBoost,0.9156392618202377,0.03974275075504144,1.455765207996592
2019Q2,2024,RF,0.9151493513319806,0.037255358089097676,1.53744587500114
2019Q2,2024,ET,0.9191018955260859,0.036637207985333375,3.3788839589979034
2019Q2,13,CatBoost,0.9216105765346967,0.03755831913833077,0.6469852500013076
2019Q2,13,XGBoost,0.9142513543690944,0.03990222010830657,1.4188418750127312
2019Q2,13,RF,0.9148755444825571,0.03734688573429303,1.4833516250073444
2019Q2,13,ET,0.9184225962829382,0.036621931196666686,3.239109207992442
2019Q3,42,CatBoost,0.9262620155329864,0.03296586725895018,0.6440212499874178
2019Q3,42,XGBoost,0.9087635116423798,0.038067811910502916,1.4150748749962077
2019Q3,42,RF,0.9284388945800645,0.029432096896125255,1.4913753750151955
2019Q3,42,ET,0.923895746173601,0.031045286672000006,3.2946605829929467
2019Q3,7,CatBoost,0.9250176581886547,0.03312899313269893,0.6447165419813246
2019Q3,7,XGBoost,0.9161104131086555,0.03652047188455693,1.3469750410004053
2019Q3,7,RF,0.928287132048836,0.029517645862836978,1.5771986659965478
2019Q3,7,ET,0.9240456915201074,0.031050735340000014,3.1706871670030523
2019Q3,101,CatBoost,0.925686629178786,0.03291321472602175,0.6421641669876408
2019Q3,101,XGBoost,0.9107850403028414,0.03806598250458034,1.4043621250020806
2019Q3,101,RF,0.9286215875582579,0.029515300826030304,1.4285643750044983
2019Q3,101,ET,0.9234349116295215,0.031058586602666676,3.2085434169857763
2019Q3,2024,CatBoost,0.9244056011249611,0.03328680006066359,0.6488696249725763
2019Q3,2024,XGBoost,0.9132082629006941,0.03687045901078829,1.4199562499998137
2019Q3,2024,RF,0.9280178242327054,0.029532143671693326,1.4903074579779059
2019Q3,2024,ET,0.9243758162083425,0.031029523174333346,3.3179697500017937
2019Q3,13,CatBoost,0.925091617801603,0.03334561381963854,0.6418401669943705
2019Q3,13,XGBoost,0.9102517359834386,0.03788827980029726,1.4324782090261579
2019Q3,13,RF,0.9284313217544066,0.029466606707930554,1.5347640420077369
2019Q3,13,ET,0.9237266356651663,0.031056705379666663,3.196414374979213
2019Q4,42,CatBoost,0.9238730347536117,0.03152821929526577,0.6467429169861134
2019Q4,42,XGBoost,0.9177303394034851,0.03341835859954564,1.3090987080067862
2019Q4,42,RF,0.9174510154858916,0.033968914058485566,1.493628041993361
2019Q4,42,ET,0.9141508081068811,0.03270695809499999,3.3132078339986037
2019Q4,7,CatBoost,0.9237670263423787,0.031598517275338675,0.6389958749932703
2019Q4,7,XGBoost,0.910028432846437,0.036150019113086226,1.316347375017358
2019Q4,7,RF,0.9177959128986625,0.03390750548940922,1.5130310840031598
2019Q4,7,ET,0.914967865467317,0.03253009609733333,3.0747895000095014
2019Q4,101,CatBoost,0.9239509249460068,0.03180519107423147,0.6478324999916367
2019Q4,101,XGBoost,0.9100769787838614,0.035568203854112156,1.4274821669969242
2019Q4,101,RF,0.9175108497411687,0.03393792506355867,1.5442860830225982
2019Q4,101,ET,0.9142885205729907,0.03263461341133334,3.2436601250083186
2019Q4,2024,CatBoost,0.925192459748635,0.03143881653489911,0.6426324999774806
2019Q4,2024,XGBoost,0.9184527991230883,0.033115329116369406,1.4435417500208132
2019Q4,2024,RF,0.9179765917812193,0.033949011024249375,1.488222207990475
2019Q4,2024,ET,0.9144037934519093,0.032621941366999994,3.2479630410089158
2019Q4,13,CatBoost,0.9232708861452297,0.03117929435772421,0.6454142919974402
2019Q4,13,XGBoost,0.9150494560636815,0.03406811115786203,1.4458511249977164
2019Q4,13,RF,0.9177283121414187,0.03391195405069787,1.5751911670085974
2019Q4,13,ET,0.9149774425531814,0.03251856610066666,3.1971607920131646
2020Q1,42,CatBoost,0.6449924295353979,0.09719736511818848,0.6462213339982554
2020Q1,42,XGBoost,0.6159636863975062,0.10024406546113332,1.374089749995619
2020Q1,42,RF,0.6241080285355953,0.09971977153268162,1.6452562919876073
2020Q1,42,ET,0.6007216270851319,0.10213968065000006,3.137252833985258
2020Q1,7,CatBoost,0.6433737002380607,0.09710884416092525,0.6247558330069296
2020Q1,7,XGBoost,0.6203945723957005,0.09956448737806765,1.4585092500201426
2020Q1,7,RF,0.6238162226434012,0.09982704026769723,1.5184186670230702
2020Q1,7,ET,0.6015663655360655,0.1020107196783334,3.098958250018768
2020Q1,101,CatBoost,0.6458840704673263,0.09675258545255348,0.6435632079956122
2020Q1,101,XGBoost,0.6074009332162815,0.10213897307861314,1.4043239169986919
2020Q1,101,RF,0.62380894012421,0.09980042660552152,1.5233437910210341
2020Q1,101,ET,0.6005379020993605,0.10213916300866674,3.0855926249932963
2020Q1,2024,CatBoost,0.6390969625114045,0.09796950414160699,0.642882499989355
2020Q1,2024,XGBoost,0.6266921723939092,0.09904458308894491,1.4523312500095926
2020Q1,2024,RF,0.6238887629580193,0.09978692449442718,1.5765030000184197
2020Q1,2024,ET,0.6005832508297605,0.1020743816093334,3.076209374994505
2020Q1,13,CatBoost,0.6446143971802103,0.09716500737395,0.6255288750107866
2020Q1,13,XGBoost,0.615050007686768,0.10040058726078573,1.3962112920125946
2020Q1,13,RF,0.6234104532609832,0.09988730241462453,1.5735378340177704
2020Q1,13,ET,0.6003057156161261,0.1022730286400001,3.098511083982885
2020Q2,42,CatBoost,0.8882149725453036,0.0629777893490052,0.6364298750122543
2020Q2,42,XGBoost,0.868564894688459,0.06902548813062843,1.3756559999892488
2020Q2,42,RF,0.8825423073552758,0.06194456729419591,1.5052127499948256
2020Q2,42,ET,0.8815764760771473,0.06098300867266665,3.2027010419988073
2020Q2,7,CatBoost,0.8871982700914555,0.06314991036548706,0.6529419999860693
2020Q2,7,XGBoost,0.8641052449325224,0.06946846010906252,1.3858664170256816
2020Q2,7,RF,0.8823212496066597,0.06221785340794432,1.5719971670187078
2020Q2,7,ET,0.8822833869210337,0.06090301322799998,3.300928666983964
2020Q2,101,CatBoost,0.8842343548344647,0.06357517785347895,0.6576796660083346
2020Q2,101,XGBoost,0.8672623884959451,0.06933043741600577,1.4424757079978008
2020Q2,101,RF,0.8818944187566962,0.06222513499033347,1.6269120420038234
2020Q2,101,ET,0.8823371753827378,0.060922456557333325,3.133858124987455
2020Q2,2024,CatBoost,0.8855947608708215,0.06360060120917506,0.6538942080223933
2020Q2,2024,XGBoost,0.8698424715045373,0.06873785889050739,1.4352331249974668
2020Q2,2024,RF,0.88194113586175,0.06214199478006571,1.600229292002041
2020Q2,2024,ET,0.8821760766181642,0.060854283307999975,3.200083292002091
2020Q2,13,CatBoost,0.884981511042448,0.06361243322941212,0.6525547500059474
2020Q2,13,XGBoost,0.866096660675142,0.06878078379765781,1.4166810839960817
2020Q2,13,RF,0.8815953601014644,0.062247875487681285,1.5072676249837968
2020Q2,13,ET,0.8817305866661858,0.06096540649133331,3.303821791021619
2020Q3,42,CatBoost,0.7569535952404812,0.08974532524100771,0.6167795840010513
2020Q3,42,XGBoost,0.7847846347149665,0.08276696303062597,1.3927603329939302
2020Q3,42,RF,0.7199481539619303,0.09708562201594997,1.5376242919883225
2020Q3,42,ET,0.7589584684796513,0.0902332687400001,3.2243808330094907
2020Q3,7,CatBoost,0.7594977860717365,0.08941894166055227,0.6083574169897474
2020Q3,7,XGBoost,0.8014546869744805,0.07729922861267184,1.3894678340002429
2020Q3,7,RF,0.7210918258076948,0.09710442572391181,1.5800217910145875
2020Q3,7,ET,0.756889977676539,0.09060266221200008,3.2352412909967825
2020Q3,101,CatBoost,0.7566126184135977,0.090177107179456,0.648968583001988
2020Q3,101,XGBoost,0.7918112623191507,0.08052196114982159,1.4113353750144597
2020Q3,101,RF,0.7197186926853282,0.0972702658871036,1.5509942909993697
2020Q3,101,ET,0.7604307699776762,0.08998200748666675,3.1588716660044156
2020Q3,2024,CatBoost,0.7577519161807228,0.08953158336588068,0.6427565419871826
2020Q3,2024,XGBoost,0.7884338678799416,0.08252414082204755,1.3992889579967596
2020Q3,2024,RF,0.7217471335870731,0.09683294068371295,1.5904334170045331
2020Q3,2024,ET,0.7569439406521414,0.09061408645133343,3.2358639999874867
2020Q3,13,CatBoost,0.758753070625794,0.08988260918336309,0.642294208984822
2020Q3,13,XGBoost,0.7821137854674496,0.0826329606770029,1.3911718339950312
2020Q3,13,RF,0.7200551679519684,0.0970182695255803,1.5963034160085954
2020Q3,13,ET,0.7607833814923252,0.08968865411266676,3.215743457985809
2020Q4,42,CatBoost,0.721189033465472,0.09371948781651827,0.6367603749968112
2020Q4,42,XGBoost,0.6833181968734793,0.10144188920368195,1.4096332500048447
2020Q4,42,RF,0.7014565830373155,0.09547198108411212,1.6328674999822397
2020Q4,42,ET,0.7002449344636368,0.09610251257000027,3.2997327499906532
2020Q4,7,CatBoost,0.7244006411915944,0.09353974831172815,0.651046375016449
2020Q4,7,XGBoost,0.6960132732958819,0.09943927683088429,1.442706834001001
2020Q4,7,RF,0.7020120037425162,0.09528985820539526,1.5481940000026952
2020Q4,7,ET,0.7002022681543829,0.09607921605400024,3.1698542090016417
2020Q4,101,CatBoost,0.7263549198305322,0.09279403428659519,0.6449703340185806
2020Q4,101,XGBoost,0.6963974954654396,0.09973369208547783,1.4073718340077903
2020Q4,101,RF,0.69930816212376,0.09565202460330448,1.5362418330041692
2020Q4,101,ET,0.7010725024551934,0.09589530400933353,3.224940999993123
2020Q4,2024,CatBoost,0.7258272993745876,0.09275982315763127,0.6509126669843681
2020Q4,2024,XGBoost,0.6908473881139056,0.0999497639593048,1.4501130419957917
2020Q4,2024,RF,0.6999636766884194,0.09553949555997887,1.5515518749889452
2020Q4,2024,ET,0.7003174174473483,0.09605478003533356,3.1155369160114788
2020Q4,13,CatBoost,0.7254332598844986,0.09270492730595918,0.621106000005966
2020Q4,13,XGBoost,0.6885337378227945,0.10057056212291464,1.4039530419977382
2020Q4,13,RF,0.6984518043296299,0.09564751294550061,1.5552388750074897
2020Q4,13,ET,0.6997446895867747,0.09615398245666693,3.1999822920188308
