fold,n_train,model,r2,mae,secs,error
2017Q1,3000,Dynamic ET,0.846908133660025,0.04830375351066653,0.5584632079990115,
2017Q1,3000,ET-aug,0.8482235697988316,0.0474555390666665,0.6671582080016378,
2017Q1,3000,TabPFN,,,,"TabPFN requires a one-time license acceptance to download
model weights for local inferenc"
2017Q1,10000,Dynamic ET,0.855415636753291,0.04750186781666662,1.331661249991157,
2017Q1,10000,ET-aug,0.8532266461278497,0.04812015314266663,1.9387062500027241,
2017Q1,10000,TabPFN,,,,"TabPFN requires a one-time license acceptance to download
model weights for local inferenc"
2017Q2,3000,Dynamic ET,0.9052871127680179,0.031025056294000052,0.7856135829933919,
2017Q2,3000,ET-aug,0.9072418763794463,0.03084675948533337,0.8893059170077322,
2017Q2,3000,TabPFN,,,,"TabPFN requires a one-time license acceptance to download
model weights for local inferenc"
2017Q2,10000,Dynamic ET,0.9261001236484403,0.02735288693733329,1.4783586249977816,
2017Q2,10000,ET-aug,0.9245401853862755,0.027524253177333282,1.9195577079954091,
2017Q2,10000,TabPFN,,,,"TabPFN requires a one-time license acceptance to download
model weights for local inferenc"
2017Q3,3000,Dynamic ET,0.8847189809459465,0.03533566117266681,0.7891125830064993,
2017Q3,3000,ET-aug,0.8830013164070227,0.03602830600266682,0.9776171669946052,
2017Q3,3000,TabPFN,,,,"TabPFN requires a one-time license acceptance to download
model weights for local inferenc"
2017Q3,10000,Dynamic ET,0.8927009404192562,0.034795258904666754,1.5540526250115363,
2017Q3,10000,ET-aug,0.8887251042918993,0.03512301264666673,1.9677965419978136,
2017Q3,10000,TabPFN,,,,"TabPFN requires a one-time license acceptance to download
model weights for local inferenc"
2017Q4,3000,Dynamic ET,0.9138622988286929,0.032292705547333246,0.7730520409968449,
2017Q4,3000,ET-aug,0.9153933455895789,0.03214979952799992,1.1148364170076093,
2017Q4,3000,TabPFN,,,,"TabPFN requires a one-time license acceptance to download
model weights for local inferenc"
2017Q4,10000,Dynamic ET,0.9257358031239447,0.030604319839333295,1.5166956659959396,
2017Q4,10000,ET-aug,0.9237382740749703,0.03079097016266663,1.898027709001326,
2017Q4,10000,TabPFN,,,,"TabPFN requires a one-time license acceptance to download
model weights for local inferenc"
2018Q1,3000,Dynamic ET,0.904573295695287,0.034983492031333344,0.7858522919996176,
2018Q1,3000,ET-aug,0.9057975125934262,0.03533275538266669,0.9050953340047272,
2018Q1,3000,TabPFN,,,,"TabPFN requires a one-time license acceptance to download
model weights for local inferenc"
2018Q1,10000,Dynamic ET,0.9072251160376379,0.033320772694666656,1.3954287079977803,
2018Q1,10000,ET-aug,0.9088973699438847,0.03345419757199999,1.9425403749919496,
2018Q1,10000,TabPFN,,,,"TabPFN requires a one-time license acceptance to download
model weights for local inferenc"
2018Q2,3000,Dynamic ET,0.9113709401695421,0.03448043072133334,0.7423651669960236,
2018Q2,3000,ET-aug,0.9144386974304034,0.03400539697333333,0.9213308750040596,
2018Q2,3000,TabPFN,,,,"TabPFN requires a one-time license acceptance to download
model weights for local inferenc"
2018Q2,10000,Dynamic ET,0.9264578383327665,0.032052485454666685,1.5858968340035062,
2018Q2,10000,ET-aug,0.9274409749631253,0.031519702146000014,2.0555834580009105,
2018Q2,10000,TabPFN,,,,"TabPFN requires a one-time license acceptance to download
model weights for local inferenc"
2018Q3,3000,Dynamic ET,0.913958121941871,0.03355451373000006,0.6912044999917271,
2018Q3,3000,ET-aug,0.9155093712348645,0.03330499602266671,0.9850831660005497,
2018Q3,3000,TabPFN,,,,"TabPFN requires a one-time license acceptance to download
model weights for local inferenc"
2018Q3,10000,Dynamic ET,0.9278399577620481,0.031556154360666666,1.372630540994578,
2018Q3,10000,ET-aug,0.9290393394171333,0.031939485695999956,1.9720510829938576,
2018Q3,10000,TabPFN,,,,"TabPFN requires a one-time license acceptance to download
model weights for local inferenc"
2018Q4,3000,Dynamic ET,0.8257805128286313,0.06445594714466657,0.8572382919955999,
2018Q4,3000,ET-aug,0.825873145925922,0.06481051238333327,0.9986139999964507,
2018Q4,3000,TabPFN,,,,"TabPFN requires a one-time license acceptance to download
model weights for local inferenc"
2018Q4,10000,Dynamic ET,0.8425444119323212,0.06315749347933328,1.4459901249938412,
2018Q4,10000,ET-aug,0.8422700110022153,0.06323040626533329,2.014449375012191,
2018Q4,10000,TabPFN,,,,"TabPFN requires a one-time license acceptance to download
model weights for local inferenc"
2019Q1,3000,Dynamic ET,0.9076205681175273,0.039444970130000014,0.7301296249934239,
2019Q1,3000,ET-aug,0.9109012790616128,0.04062636549000002,0.9649122080008965,
2019Q1,3000,TabPFN,,,,"TabPFN requires a one-time license acceptance to download
model weights for local inferenc"
2019Q1,10000,Dynamic ET,0.9212103342968347,0.03693288289533328,1.470439124997938,
2019Q1,10000,ET-aug,0.9172813501228019,0.039031872972666616,1.973036208000849,
2019Q1,10000,TabPFN,,,,"TabPFN requires a one-time license acceptance to download
model weights for local inferenc"
2019Q2,3000,Dynamic ET,0.892225511344488,0.03718869495066673,0.7292984579980839,
2019Q2,3000,ET-aug,0.8896033715809474,0.03792050959200004,0.8842923339980189,
2019Q2,3000,TabPFN,,,,"TabPFN requires a one-time license acceptance to download
model weights for local inferenc"
2019Q2,10000,Dynamic ET,0.9226069831044151,0.03625700510999994,1.358610499999486,
2019Q2,10000,ET-aug,0.9223971383081456,0.036683704683999944,2.0039112499944167,
2019Q2,10000,TabPFN,,,,"TabPFN requires a one-time license acceptance to download
model weights for local inferenc"
2019Q3,3000,Dynamic ET,0.8996656907316058,0.031665444888666586,0.7182262079877546,
2019Q3,3000,ET-aug,0.9027300466897528,0.03209120860266658,0.903127541008871,
2019Q3,3000,TabPFN,,,,"TabPFN requires a one-time license acceptance to download
model weights for local inferenc"
2019Q3,10000,Dynamic ET,0.9243306288223812,0.030691257705999942,1.3764944169961382,
2019Q3,10000,ET-aug,0.9234172810347623,0.031236672139333274,2.0129834579856833,
2019Q3,10000,TabPFN,,,,"TabPFN requires a one-time license acceptance to download
model weights for local inferenc"
2019Q4,3000,Dynamic ET,0.90708627298551,0.03499293358466671,0.7062841250008205,
2019Q4,3000,ET-aug,0.9063000787109122,0.035567291174666706,0.9419952080061194,
2019Q4,3000,TabPFN,,,,"TabPFN requires a one-time license acceptance to download
model weights for local inferenc"
2019Q4,10000,Dynamic ET,0.9102330139157143,0.033232426227333266,1.444024915996124,
2019Q4,10000,ET-aug,0.9103863536907595,0.033443999064666614,1.9409814999962691,
2019Q4,10000,TabPFN,,,,"TabPFN requires a one-time license acceptance to download
model weights for local inferenc"
2020Q1,3000,Dynamic ET,0.6504095172645621,0.09364729418999997,0.6813180000026478,
2020Q1,3000,ET-aug,0.6470499673193255,0.09552753758133328,0.9125832499994431,
2020Q1,3000,TabPFN,,,,"TabPFN requires a one-time license acceptance to download
model weights for local inferenc"
2020Q1,10000,Dynamic ET,0.6315476353095442,0.09600306095466679,1.3610422080091666,
2020Q1,10000,ET-aug,0.6256976751458989,0.09753406899400012,1.9259724590083351,
2020Q1,10000,TabPFN,,,,"TabPFN requires a one-time license acceptance to download
model weights for local inferenc"
2020Q2,3000,Dynamic ET,0.869011412116134,0.06444497364733337,0.7359984580107266,
2020Q2,3000,ET-aug,0.8683115976230443,0.06472547410466671,0.9430554999999003,
2020Q2,3000,TabPFN,,,,"TabPFN requires a one-time license acceptance to download
model weights for local inferenc"
2020Q2,10000,Dynamic ET,0.8787305557096382,0.060759913571333306,1.349179541997728,
2020Q2,10000,ET-aug,0.8767736616385902,0.061649577811999964,1.9779297079949174,
2020Q2,10000,TabPFN,,,,"TabPFN requires a one-time license acceptance to download
model weights for local inferenc"
2020Q3,3000,Dynamic ET,0.7484987094547011,0.09340622600866653,0.8158578750008019,
2020Q3,3000,ET-aug,0.7322615322695933,0.09654883085266656,0.9337775000021793,
2020Q3,3000,TabPFN,,,,"TabPFN requires a one-time license acceptance to download
model weights for local inferenc"
2020Q3,10000,Dynamic ET,0.7413106025652181,0.09336487772000006,1.336859540999285,
2020Q3,10000,ET-aug,0.7342398146514222,0.09445074416200008,2.0364235830056714,
2020Q3,10000,TabPFN,,,,"TabPFN requires a one-time license acceptance to download
model weights for local inferenc"
2020Q4,3000,Dynamic ET,0.7393733741985359,0.08263966651000026,0.7603476250078529,
2020Q4,3000,ET-aug,0.7238060427734853,0.08694213388000016,0.8518225830048323,
2020Q4,3000,TabPFN,,,,"TabPFN requires a one-time license acceptance to download
model weights for local inferenc"
2020Q4,10000,Dynamic ET,0.7397595906543479,0.08559014764333309,1.4808324999903562,
2020Q4,10000,ET-aug,0.7216343365606226,0.09016451951733306,2.0067305419943295,
2020Q4,10000,TabPFN,,,,"TabPFN requires a one-time license acceptance to download
model weights for local inferenc"
