ticker,fold,model,M_blocks,d,n_train,n_test,r2,mae,rmse,fit_s
AAPL,2017Q1,MLP,9,7,30000,15000,0.5345891577799555,0.11258559216700972,0.1508865989045295,1.4694542079996609
AAPL,2017Q1,LSTM,9,7,30000,15000,0.7784292123714835,0.060657375155628204,0.10410909515013442,146.00202974999956
AAPL,2017Q1,GRU,9,7,30000,15000,0.7638285061452105,0.06140271761905861,0.10748457893002887,135.82119745800082
AAPL,2017Q1,iTransformer,9,7,30000,15000,0.8735796685445034,0.039673356999818804,0.07863952533606916,82.95820925000044
AAPL,2017Q1,FT-Transformer,9,7,30000,15000,0.8757182147956903,0.04162158289418157,0.07797154908723873,115.14602537499923
AAPL,2017Q2,MLP,9,7,30000,15000,0.8726892203864792,0.04202059268067933,0.07322930315999564,1.8798982500011334
AAPL,2017Q2,LSTM,9,7,30000,15000,0.8664917520203409,0.03321106112410863,0.07499051929401306,136.8141789579986
AAPL,2017Q2,GRU,9,7,30000,15000,0.8907834367349187,0.03303879581486447,0.06782605627018332,125.780268333001
AAPL,2017Q2,iTransformer,9,7,30000,15000,0.8909081586548319,0.031789303947770436,0.06778731758359148,107.55148924999958
AAPL,2017Q2,FT-Transformer,9,7,30000,15000,0.8915433646570904,0.03159962241618283,0.06758967781007451,119.21783474999938
AAPL,2017Q3,MLP,9,7,30000,15000,0.8853549760650485,0.038535216453749264,0.06983141626730843,2.9096876250005153
AAPL,2017Q3,LSTM,9,7,30000,15000,0.8925439112671913,0.03870010909128602,0.06760654776831004,138.1197833340011
AAPL,2017Q3,GRU,9,7,30000,15000,0.9021803041158882,0.03484933560959689,0.06450396329289702,123.36443445799887
AAPL,2017Q3,iTransformer,9,7,30000,15000,0.8900170706958417,0.03739208006009769,0.06839681628688452,84.07954687500023
AAPL,2017Q3,FT-Transformer,9,7,30000,15000,0.8936567486615927,0.03785823798902448,0.06725556301680186,114.70497712500037
AAPL,2017Q4,MLP,9,7,30000,15000,0.8853904006281228,0.041081146585591644,0.07878342525393572,2.3763626659983856
AAPL,2017Q4,LSTM,9,7,30000,15000,0.8880029618675235,0.03565975407488346,0.0778803025804006,134.8959784159997
AAPL,2017Q4,GRU,9,7,30000,15000,0.9096098298979146,0.03226300437115383,0.06996566450907679,175.92528675000176
AAPL,2017Q4,iTransformer,9,7,30000,15000,0.9019625628055989,0.03116912044967747,0.07286522936693884,84.25691495800129
AAPL,2017Q4,FT-Transformer,9,7,30000,15000,0.9078901578126931,0.031805611714078585,0.07062807679140407,114.469507875001
AAPL,2018Q1,MLP,8,7,30000,15000,0.8696723938145587,0.04613655218109725,0.08297935439107186,3.1136859170001117
AAPL,2018Q1,LSTM,8,7,30000,15000,0.9076130381609133,0.03599032957358043,0.06986460132021945,135.86190350000106
AAPL,2018Q1,GRU,8,7,30000,15000,0.9026447370640649,0.03551198858796502,0.07171855973351568,120.9937466659976
AAPL,2018Q1,iTransformer,8,7,30000,15000,0.9093571870240285,0.033737768549676576,0.06920198145640202,83.69427058400106
AAPL,2018Q1,FT-Transformer,8,7,30000,15000,0.9065658600965986,0.034817479913678485,0.07025943263452815,114.94396425000014
AAPL,2018Q2,MLP,8,7,30000,15000,0.9100422057271438,0.0354452406000112,0.06782362074141932,2.544866832999105
AAPL,2018Q2,LSTM,8,7,30000,15000,0.9247762373415364,0.03273722702096017,0.06202104765875794,190.7099366250004
AAPL,2018Q2,GRU,8,7,30000,15000,0.9382085739811957,0.02778947891457621,0.056211565498867265,128.90621754200038
AAPL,2018Q2,iTransformer,8,7,30000,15000,0.9397788595012927,0.0289372262175436,0.0554927260363315,84.09255120799935
AAPL,2018Q2,FT-Transformer,8,7,30000,15000,0.9390583362394154,0.031006438927785235,0.05582371372631063,115.2671083330024
AAPL,2018Q3,MLP,7,7,30000,15000,0.8030438364252417,0.06516518799176461,0.10020538281862504,2.6199142499972368
AAPL,2018Q3,LSTM,7,7,30000,15000,0.8758088250178756,0.05040907891598511,0.0795704165164301,143.70696095899984
AAPL,2018Q3,GRU,7,7,30000,15000,0.9139485634748671,0.04126105400583045,0.06623466220812631,131.12566737499947
AAPL,2018Q3,iTransformer,7,7,30000,15000,0.8982314605881567,0.04740601009423797,0.07202993687646933,82.33686875000058
AAPL,2018Q3,FT-Transformer,7,7,30000,15000,0.901154867361306,0.04700939336761729,0.07098783115672103,98.28468545799842
AAPL,2018Q4,MLP,7,7,30000,15000,0.7808577842808039,0.07470644982862082,0.10367044264148709,1.3147051669984648
AAPL,2018Q4,LSTM,7,7,30000,15000,0.814941193691448,0.06673520125693322,0.09526794710848535,62.47892029099967
AAPL,2018Q4,GRU,7,7,30000,15000,0.8214930239803481,0.06568549118435796,0.09356631488388,57.557317499999044
AAPL,2018Q4,iTransformer,7,7,30000,15000,0.8371666295528933,0.06305763742972373,0.08936421294971625,68.00271262500246
AAPL,2018Q4,FT-Transformer,7,7,30000,15000,0.8331881822185403,0.0667322952438364,0.09044932623700776,93.52259933299865
AAPL,2019Q1,MLP,7,7,30000,15000,0.8804115651044931,0.050370266606765815,0.0864861172699779,1.8014014590007719
AAPL,2019Q1,LSTM,7,7,30000,15000,0.9127439204582426,0.04125380667369207,0.07387536798184122,61.265738292000606
AAPL,2019Q1,GRU,7,7,30000,15000,0.9159988938581471,0.04139232136460177,0.0724843604966827,56.68210841700056
AAPL,2019Q1,iTransformer,7,7,30000,15000,0.9100736512248551,0.04181933172888469,0.07499724143000151,68.37988233299984
AAPL,2019Q1,FT-Transformer,7,7,30000,15000,0.9200217203702974,0.03928193647305488,0.070727423585715,92.98066420800023
AAPL,2019Q2,MLP,7,7,30000,15000,0.8877672361624297,0.048615869637534045,0.08228493016694889,2.091131042001507
AAPL,2019Q2,LSTM,7,7,30000,15000,0.914268855157631,0.03899087840421486,0.07191670606015066,59.63390983299905
AAPL,2019Q2,GRU,7,7,30000,15000,0.9151499478207044,0.03828384712199497,0.07154619350205074,56.830739000000904
AAPL,2019Q2,iTransformer,7,7,30000,15000,0.9153516374173267,0.03797181574275144,0.0714611098286337,67.88211212500028
AAPL,2019Q2,FT-Transformer,7,7,30000,15000,0.919451694688014,0.03888131020466805,0.06970897223547677,92.41268754200064
AAPL,2019Q3,MLP,7,7,30000,15000,0.9065473407697098,0.034017132381501516,0.061499926993824706,1.629589666998072
AAPL,2019Q3,LSTM,7,7,30000,15000,0.9283745088966064,0.029981999456684748,0.053840932696966035,59.72268370799793
AAPL,2019Q3,GRU,7,7,30000,15000,0.9295124527681117,0.02979237352044582,0.05341152370925837,56.041991209000116
AAPL,2019Q3,iTransformer,7,7,30000,15000,0.9226102292887138,0.029700498173536618,0.05596552063322172,67.90658179200182
AAPL,2019Q3,FT-Transformer,7,7,30000,15000,0.9172943021863511,0.029578699611246744,0.05785574408207711,91.80582758300079
AAPL,2019Q4,MLP,7,7,30000,15000,0.6986122448343279,0.07859261283459801,0.11696435909515594,2.0340455829973507
AAPL,2019Q4,LSTM,7,7,30000,15000,0.78634030907241,0.0473742003925155,0.0984809073941762,68.25096308299908
AAPL,2019Q4,GRU,7,7,30000,15000,0.8217919934567539,0.04535145260705789,0.08994030368924878,73.00900708300105
AAPL,2019Q4,iTransformer,7,7,30000,15000,0.9071505489789324,0.03802600392422549,0.064920284403927,67.41727512500074
AAPL,2019Q4,FT-Transformer,7,7,30000,15000,0.9147718885576568,0.034648285180483816,0.062198824373035165,93.74650179200034
AAPL,2020Q1,MLP,7,7,30000,15000,0.5534174438902673,0.10800613610258719,0.17651708345618822,2.576521708000655
AAPL,2020Q1,LSTM,7,7,30000,15000,0.5317722014350357,0.11613766949770706,0.18074423857511007,60.436536749999505
AAPL,2020Q1,GRU,7,7,30000,15000,0.5552499107274357,0.11327127053430334,0.17615455899608623,56.893882625001424
AAPL,2020Q1,iTransformer,7,7,30000,15000,0.5957446402895067,0.11063446701965236,0.16794371618010512,67.79819999999745
AAPL,2020Q1,FT-Transformer,7,7,30000,15000,0.5780458337518557,0.11463555725414656,0.17158072761678914,92.76975062499696
AAPL,2020Q2,MLP,7,7,30000,15000,0.8333058701746818,0.07581371944372282,0.11179636644777194,2.737917207999999
AAPL,2020Q2,LSTM,7,7,30000,15000,0.8637838668042069,0.06885375744585959,0.10106058531787529,60.690244874997006
AAPL,2020Q2,GRU,7,7,30000,15000,0.8684274989711895,0.06709205308623313,0.09932306214977904,56.57032845900176
AAPL,2020Q2,iTransformer,7,7,30000,15000,0.8787036023675524,0.06393044947651386,0.0953655432087372,68.01253724999697
AAPL,2020Q2,FT-Transformer,7,7,30000,15000,0.8843602138188836,0.06256640267933973,0.09311532756494244,93.61785633299951
AAPL,2020Q3,MLP,7,7,30000,15000,0.3918271474145024,0.1484356858658037,0.20687147333629008,3.117518375001964
AAPL,2020Q3,LSTM,7,7,30000,15000,0.5952463852696476,0.09364010419962755,0.1687650297591338,60.03542983300213
AAPL,2020Q3,GRU,7,7,30000,15000,-1.1640407840968736,0.16947524938710243,0.3902292444001067,56.83482766599991
AAPL,2020Q3,iTransformer,7,7,30000,15000,0.7243945769318861,0.09865854495104026,0.13926146892176797,68.16194483399886
AAPL,2020Q3,FT-Transformer,7,7,30000,15000,0.704534795652509,0.10214188282506942,0.14419170060502426,92.76372629199977
AAPL,2020Q4,MLP,8,7,30000,15000,0.7661615180955975,0.08019723433794917,0.11285131454679356,2.4486890000007406
AAPL,2020Q4,LSTM,8,7,30000,15000,0.7557886272046102,0.08568905736032104,0.11532715361213666,61.263822708999214
AAPL,2020Q4,GRU,8,7,30000,15000,0.7556874620805487,0.08598722978658868,0.11535103840841006,57.66843383300147
AAPL,2020Q4,iTransformer,8,7,30000,15000,0.7767892321289561,0.0802232567788035,0.11025700764193926,67.79623150000043
AAPL,2020Q4,FT-Transformer,8,7,30000,15000,0.7780290115817878,0.07755299020107206,0.10995038105476683,92.65249112500169
NVDA,2021Q1,MLP,9,7,30000,15000,0.8492812020571276,0.06452875942574511,0.10995700655782008,2.363825000000361
NVDA,2021Q1,LSTM,9,7,30000,15000,0.8823209618940633,0.057871759619428,0.09716027878400732,60.31629741600045
NVDA,2021Q1,GRU,9,7,30000,15000,0.8783079847388346,0.05834485624812762,0.09880302445197733,56.41508420900209
NVDA,2021Q1,iTransformer,9,7,30000,15000,0.9015281604456061,0.05617445104706128,0.08887819434382457,68.01721479199841
NVDA,2021Q1,FT-Transformer,9,7,30000,15000,0.9030906399079838,0.05638053066213671,0.08817024757639533,93.22319300000163
NVDA,2021Q2,MLP,8,7,30000,15000,0.36719151616808954,0.1709988546860503,0.2074716589440464,1.9714816249979776
NVDA,2021Q2,LSTM,8,7,30000,15000,0.7195526211156664,0.09972678033305804,0.13811737819396253,61.01401008299945
NVDA,2021Q2,GRU,8,7,30000,15000,0.7064387304521162,0.11329250456233661,0.1413097121407575,57.09978599999886
NVDA,2021Q2,iTransformer,8,7,30000,15000,0.7482846904917102,0.10685363024677151,0.1308511212237198,68.1890504160001
NVDA,2021Q2,FT-Transformer,8,7,30000,15000,0.832621352792609,0.08428048768582344,0.10670202457144105,93.06230470900118
NVDA,2021Q3,MLP,8,7,30000,15000,0.5195223789329169,0.11347159695054657,0.17202584156765766,2.1764615829997638
NVDA,2021Q3,LSTM,8,7,30000,15000,0.7159278716961044,0.06795180236810874,0.13227306632387073,61.10517837500083
NVDA,2021Q3,GRU,8,7,30000,15000,-0.37245732466137227,0.13724330400398063,0.29074116980910775,56.90972487500039
NVDA,2021Q3,iTransformer,8,7,30000,15000,0.872972189148876,0.06101431931202634,0.08845176750035347,67.7954492079989
NVDA,2021Q3,FT-Transformer,8,7,30000,15000,0.8384832537985671,0.07516980183128166,0.09973920158642434,92.82295737499953
NVDA,2021Q4,MLP,9,7,30000,15000,0.7737345495762659,0.07591265277574476,0.10787421661181824,1.6269643750019895
NVDA,2021Q4,LSTM,9,7,30000,15000,0.6096972169037329,0.08373330320241355,0.14168026375263618,61.873258084000554
NVDA,2021Q4,GRU,9,7,30000,15000,0.6476005865762762,0.08261932756211027,0.1346251254658975,56.9558992079983
NVDA,2021Q4,iTransformer,9,7,30000,15000,0.785821961911491,0.07333240310048803,0.10495327636098956,66.7848252090007
NVDA,2021Q4,FT-Transformer,9,7,30000,15000,0.8025977858063865,0.07261027379870541,0.10075916097978674,92.47626450000098
NVDA,2022Q1,MLP,7,7,30000,15000,0.7538480376597272,0.0838563887270776,0.12362121263720158,1.9436059999970894
NVDA,2022Q1,LSTM,7,7,30000,15000,0.706600352328542,0.09089227057727876,0.13496499477536986,60.35833866699977
NVDA,2022Q1,GRU,7,7,30000,15000,0.7132728519321473,0.09133108027328808,0.13342148058620298,57.367691374998685
NVDA,2022Q1,iTransformer,7,7,30000,15000,0.6813352027836796,0.10233175330587578,0.14065604223343042,68.1499001250013
NVDA,2022Q1,FT-Transformer,7,7,30000,15000,0.7105314217346126,0.09283731471132468,0.13405779206122118,92.96252945800006
NVDA,2022Q2,MLP,7,7,30000,15000,0.6151379563344352,0.13811370403420137,0.17710160192786606,2.66378270900168
NVDA,2022Q2,LSTM,7,7,30000,15000,0.688920451874288,0.1178214167399756,0.15922295452407015,61.37679562499761
NVDA,2022Q2,GRU,7,7,30000,15000,0.6922599307289931,0.11934611084330941,0.15836600904244502,56.605861000000004
NVDA,2022Q2,iTransformer,7,7,30000,15000,0.7076352403712299,0.1190631147311961,0.1543591791459156,67.52346083299926
NVDA,2022Q2,FT-Transformer,7,7,30000,15000,0.6849341735385687,0.125682157317496,0.1602398754451367,93.01861879100034
NVDA,2022Q3,MLP,7,7,30000,15000,0.7446643726912543,0.0994312251222586,0.1391390554910102,2.0320545840004343
NVDA,2022Q3,LSTM,7,7,30000,15000,0.8132535266227205,0.06255938493490663,0.1189924885234312,61.0023054159974
NVDA,2022Q3,GRU,7,7,30000,15000,0.8181932433229077,0.07018252993135263,0.11740817901440923,58.06771700000172
NVDA,2022Q3,iTransformer,7,7,30000,15000,0.8758108282614439,0.057920062314265566,0.09703651883245032,67.04799979199743
NVDA,2022Q3,FT-Transformer,7,7,30000,15000,0.8694577017495937,0.06612738879956499,0.09948760355646931,92.35677970800316
NVDA,2022Q4,MLP,7,7,30000,15000,0.8871938699173768,0.05349157106924769,0.08764905901875761,2.292897625000478
NVDA,2022Q4,LSTM,7,7,30000,15000,0.906821068859626,0.04781699241330783,0.07965990237260649,61.171541292002075
NVDA,2022Q4,GRU,7,7,30000,15000,0.9119874710812921,0.04673851812246704,0.07741999833989487,57.160109082997224
NVDA,2022Q4,iTransformer,7,7,30000,15000,0.9172560739196416,0.04459966661415545,0.07506698436898451,68.14629199999763
NVDA,2022Q4,FT-Transformer,7,7,30000,15000,0.9173331638872756,0.04389085827210808,0.07503200742161435,92.50282958300158
QQQ,2022Q1,MLP,6,7,30000,15000,0.7534013949468109,0.055094438887781566,0.07824081891059759,2.7191629160006414
QQQ,2022Q1,LSTM,6,7,30000,15000,0.7436531511048177,0.057534173533252714,0.07977229217426735,62.671213125002396
QQQ,2022Q1,GRU,6,7,30000,15000,0.7508240950244105,0.056867654122687024,0.07864861909002697,57.53673054200044
QQQ,2022Q1,iTransformer,6,7,30000,15000,0.7241460641818689,0.06035158322819074,0.08275184243737317,67.91390354199757
QQQ,2022Q1,FT-Transformer,6,7,30000,15000,0.7373323929814185,0.059057311288303695,0.0807497782464003,92.32707483299964
QQQ,2022Q2,MLP,6,7,30000,15000,0.5463399148752788,0.0822816534118112,0.12730656612997998,1.8853123330009112
QQQ,2022Q2,LSTM,6,7,30000,15000,0.7186972991687204,0.0552653880652895,0.10024725049550015,73.51714012500088
QQQ,2022Q2,GRU,6,7,30000,15000,0.7390438675127577,0.058498190013481464,0.09655377820340026,72.59954070799722
QQQ,2022Q2,iTransformer,6,7,30000,15000,0.8208189656142021,0.05587697865802224,0.08000765447243065,68.51126570899942
QQQ,2022Q2,FT-Transformer,6,7,30000,15000,0.8034109339799338,0.05923798204452229,0.08380408693325199,94.09427533299822
QQQ,2022Q3,MLP,7,7,30000,15000,0.8632201342173886,0.03623154746465109,0.06751942899205943,2.1122245419974206
QQQ,2022Q3,LSTM,7,7,30000,15000,0.8857251351592899,0.03802308769321187,0.06171532670240813,61.83089179200033
QQQ,2022Q3,GRU,7,7,30000,15000,0.8712525773700377,0.037709390444989846,0.06550688467411885,58.47748133300047
QQQ,2022Q3,iTransformer,7,7,30000,15000,0.8825538023041652,0.037084400939971604,0.06256582199976471,68.07194204100233
QQQ,2022Q3,FT-Transformer,7,7,30000,15000,0.8846290759987677,0.035716682495193164,0.06201058945639093,93.1523502079981
QQQ,2022Q4,MLP,7,7,30000,15000,0.8619019089826787,0.04418405484053825,0.07336705422544924,1.9195551660013734
QQQ,2022Q4,LSTM,7,7,30000,15000,0.8827912973245928,0.04075793671783002,0.0675907357423092,60.77608266699826
QQQ,2022Q4,GRU,7,7,30000,15000,0.8345145312694595,0.04347556563379987,0.08031324554863623,57.185402999999496
QQQ,2022Q4,iTransformer,7,7,30000,15000,0.9088026504371713,0.037362178204139396,0.05962087600016735,67.86936820900155
QQQ,2022Q4,FT-Transformer,7,7,30000,15000,0.9167495617351459,0.03552163376707713,0.05696400404813983,93.00158258399824
TSLA,2020Q1,MLP,7,7,30000,15000,0.2619626051422367,0.20023618273597574,0.27428910878486984,3.3608399589975306
TSLA,2020Q1,LSTM,7,7,30000,15000,-0.2615112250617835,0.26163564105641557,0.35860384302312426,61.24823179099985
TSLA,2020Q1,GRU,7,7,30000,15000,-0.13942676071634974,0.2520074589583626,0.3408102025144067,57.29737875000137
TSLA,2020Q1,iTransformer,7,7,30000,15000,0.09560922484145795,0.23444387773655193,0.3036319311137465,68.17709458299942
TSLA,2020Q1,FT-Transformer,7,7,30000,15000,0.04330450449218737,0.2418549159304288,0.31228868170531243,93.17232133300058
TSLA,2020Q2,MLP,7,7,30000,15000,0.6179676958578829,0.11045001606670711,0.14836848159107094,3.7778388330007147
TSLA,2020Q2,LSTM,7,7,30000,15000,0.6337271307748735,0.10766278065930113,0.14527603676835932,61.328738708001765
TSLA,2020Q2,GRU,7,7,30000,15000,0.632642856452126,0.10777343658065731,0.14549090754675043,58.17030254099882
TSLA,2020Q2,iTransformer,7,7,30000,15000,0.6289644217721867,0.10838092685594687,0.14621751074046788,67.11931099999856
TSLA,2020Q2,FT-Transformer,7,7,30000,15000,0.6322834408747444,0.10826258729771358,0.14556206298145238,91.32183591600187
TSLA,2020Q3,MLP,8,7,30000,15000,-0.3029579570595038,0.24126115018094696,0.30879997027863293,4.715793292001763
TSLA,2020Q3,LSTM,8,7,30000,15000,-0.37620362739651503,0.2374918153783042,0.31736088442371074,63.80314770900077
TSLA,2020Q3,GRU,8,7,30000,15000,-0.1482262882304186,0.203873289570186,0.2898850320155035,57.44855883400305
TSLA,2020Q3,iTransformer,8,7,30000,15000,-0.043538865692073214,0.19623374314327685,0.27635438684806146,67.87259099999937
TSLA,2020Q3,FT-Transformer,8,7,30000,15000,-0.05283604482388626,0.1982613014007174,0.27758271623049974,92.92929058400114
TSLA,2020Q4,MLP,7,7,30000,15000,0.48312712848757033,0.1156242563074103,0.15858393853616484,3.0292871249985183
TSLA,2020Q4,LSTM,7,7,30000,15000,0.41662222229093604,0.12424824730345409,0.16847764035094384,61.26961499999743
TSLA,2020Q4,GRU,7,7,30000,15000,0.38506217137516996,0.12824650100251833,0.17297483914203438,58.1788427499996
TSLA,2020Q4,iTransformer,7,7,30000,15000,0.2860254125957017,0.143474621079991,0.1863840341419725,68.08172483299859
TSLA,2020Q4,FT-Transformer,7,7,30000,15000,0.30832736176195397,0.14228366490832772,0.18344996292429988,93.08799362500213
TSLA,2021Q1,MLP,7,7,30000,15000,0.6480318057612509,0.1004899522619281,0.1342455981714741,2.3323991659999592
TSLA,2021Q1,LSTM,7,7,30000,15000,0.6303294475742607,0.1023291877838936,0.13758014809307126,61.552844832996925
TSLA,2021Q1,GRU,7,7,30000,15000,0.6625278034009061,0.09706235125632857,0.13145204399733004,59.21463337499881
TSLA,2021Q1,iTransformer,7,7,30000,15000,0.5645899773651226,0.11277149029763159,0.1493129772491141,67.66199491600128
TSLA,2021Q1,FT-Transformer,7,7,30000,15000,0.6153442940504845,0.10685556756040256,0.1403409570627671,91.27914787500049
TSLA,2021Q2,MLP,7,7,30000,15000,0.5450484333487267,0.12572497877309713,0.1573716070876634,3.5814843749976717
TSLA,2021Q2,LSTM,7,7,30000,15000,0.51325923154623,0.13204353667655372,0.1627768572099091,62.71831016700162
TSLA,2021Q2,GRU,7,7,30000,15000,0.523359854669119,0.1309811449753367,0.1610790674286269,58.47757670800274
TSLA,2021Q2,iTransformer,7,7,30000,15000,0.5013063463093017,0.13264742398563895,0.16476338970058557,67.87329804099863
TSLA,2021Q2,FT-Transformer,7,7,30000,15000,0.5495937618055012,0.12781216221947989,0.15658349985186473,93.1832206250001
TSLA,2021Q3,MLP,7,7,30000,15000,0.7122601296615324,0.1297392346665217,0.16062806889403966,2.9108258329979435
TSLA,2021Q3,LSTM,7,7,30000,15000,0.6800311226792688,0.13851047509338255,0.1693851313228781,61.60183662499912
TSLA,2021Q3,GRU,7,7,30000,15000,0.685579459442688,0.13657931697259015,0.16791011977826156,57.96883829199942
TSLA,2021Q3,iTransformer,7,7,30000,15000,0.7206450116034733,0.12429603944668133,0.15827037518479492,68.19076275000043
TSLA,2021Q3,FT-Transformer,7,7,30000,15000,0.6953833143024449,0.13398484397944896,0.16527161110588848,93.12344941699848
TSLA,2021Q4,MLP,8,7,30000,15000,-2.972900953553619,0.4428182508298069,0.5045862345353805,1.9379162920013187
TSLA,2021Q4,LSTM,8,7,30000,15000,-0.2768925378127549,0.23999293843128205,0.2860610338970456,62.33711470799972
TSLA,2021Q4,GRU,8,7,30000,15000,-0.0320402482114146,0.21520618539003245,0.25717565034477763,58.058369291997224
TSLA,2021Q4,iTransformer,8,7,30000,15000,0.4460767362099852,0.15616898834445,0.18841103359240918,67.8217313339992
TSLA,2021Q4,FT-Transformer,8,7,30000,15000,0.38516107366393837,0.1662476184455121,0.19850077524309098,92.82200183399982
TSLA,2022Q1,MLP,7,7,30000,15000,0.7775660650003268,0.0668630393635909,0.11092967370556221,2.1648620830019354
TSLA,2022Q1,LSTM,7,7,30000,15000,0.7584901518810178,0.07019624444692867,0.1155885020237763,61.95493749999878
TSLA,2022Q1,GRU,7,7,30000,15000,0.76013629223147,0.06962882822216543,0.1151939006469197,59.27812149999954
TSLA,2022Q1,iTransformer,7,7,30000,15000,0.7378012184084628,0.0736629138821659,0.12043772621433955,67.86150687500049
TSLA,2022Q1,FT-Transformer,7,7,30000,15000,0.7781893356636358,0.06915266822013601,0.110774149522301,93.6208500419998
TSLA,2022Q2,MLP,7,7,30000,15000,0.6971338050950913,0.10022436866625685,0.13328601907064813,1.871713083000941
TSLA,2022Q2,LSTM,7,7,30000,15000,0.7080362910285232,0.09945205564671009,0.13086503698353114,62.51430004199938
TSLA,2022Q2,GRU,7,7,30000,15000,0.70673539718489,0.09943849549474908,0.13115625863547015,58.61419562499941
TSLA,2022Q2,iTransformer,7,7,30000,15000,0.68948152711386,0.1041259418645935,0.13495933107989413,68.27236895799797
TSLA,2022Q2,FT-Transformer,7,7,30000,15000,0.681460812973351,0.10678238286316301,0.13669122319578111,93.15345820799848
TSLA,2022Q3,MLP,7,7,30000,15000,-0.2501592191925799,0.18806526686420275,0.2788424722380802,1.7921527500002412
TSLA,2022Q3,LSTM,7,7,30000,15000,-4.705632238284326,0.34139219334297627,0.5957007519515535,61.98771245900207
TSLA,2022Q3,GRU,7,7,30000,15000,-6.269156839433572,0.3374657058958193,0.6723854086035326,58.60561462500118
TSLA,2022Q3,iTransformer,7,7,30000,15000,0.8576391467338873,0.06082140535316468,0.0940960844434131,67.20970679099992
TSLA,2022Q3,FT-Transformer,7,7,30000,15000,0.8296665484541508,0.06589726526638222,0.10292626990446736,91.98676641700149
TSLA,2022Q4,MLP,7,7,30000,15000,0.7957022659023916,0.08477956197578876,0.12488064417479847,3.572519708002801
TSLA,2022Q4,LSTM,7,7,30000,15000,0.8373173889075289,0.06304361013069978,0.11143815740109508,70.41755304199978
TSLA,2022Q4,GRU,7,7,30000,15000,0.8348243041523657,0.06510746813996188,0.11228879670171123,58.65471033299764
TSLA,2022Q4,iTransformer,7,7,30000,15000,0.8612696788293217,0.06806097359944153,0.10290797947728333,68.11123745799705
TSLA,2022Q4,FT-Transformer,7,7,30000,15000,0.8456439590582041,0.07281665026827876,0.10854883601695829,93.04590525000094
SPY,2021Q1,MLP,6,7,30000,15000,0.8949669549600374,0.03882908008721287,0.07731916799992246,1.639205249997758
SPY,2021Q1,LSTM,6,7,30000,15000,0.9290287820192282,0.0314094055092694,0.06355728297173728,62.52838433299985
SPY,2021Q1,GRU,6,7,30000,15000,0.9329519801391901,0.02916179061144352,0.061775628426804875,59.11005616600232
SPY,2021Q1,iTransformer,6,7,30000,15000,0.9244920821767563,0.027263218266359968,0.06555720678179397,68.07356766700104
SPY,2021Q1,FT-Transformer,6,7,30000,15000,0.934895878535221,0.025778451354037286,0.060873522778144264,92.68006095799865
SPY,2021Q2,MLP,6,7,30000,15000,0.9076199914389695,0.030460852758763327,0.05633992423505897,1.9651973340005497
SPY,2021Q2,LSTM,6,7,30000,15000,0.9130496526788162,0.028930079145184202,0.0546591558359669,63.218724791997374
SPY,2021Q2,GRU,6,7,30000,15000,0.9228447637540491,0.02661728103145981,0.05148846708897695,59.18820670800051
SPY,2021Q2,iTransformer,6,7,30000,15000,0.93391739417235,0.025189349958650586,0.04765087058135318,67.83221954100009
SPY,2021Q2,FT-Transformer,6,7,30000,15000,0.9351056457564942,0.027047331563729286,0.0472205147632506,92.81330787499974
SPY,2021Q3,MLP,6,7,30000,15000,0.7639859594206366,0.045186038144954574,0.08978255179770948,3.3114186250022613
SPY,2021Q3,LSTM,6,7,30000,15000,0.869440514656634,0.031321671015969596,0.06677705154429527,62.22497983300127
SPY,2021Q3,GRU,6,7,30000,15000,0.8919398588634458,0.0267732811287082,0.060751329962766394,58.93716858300104
SPY,2021Q3,iTransformer,6,7,30000,15000,0.8998739793984513,0.027426619852562267,0.0584785374908714,67.94109662499977
SPY,2021Q3,FT-Transformer,6,7,30000,15000,0.9151401460558687,0.02794947940817865,0.05383617109446288,93.18248716700327
SPY,2021Q4,MLP,6,7,30000,15000,0.8965647550442591,0.031562405620497946,0.06815551246868089,3.7542842919974646
SPY,2021Q4,LSTM,6,7,30000,15000,0.8995713211270822,0.027325367847404483,0.06715766516313292,62.18217354200169
SPY,2021Q4,GRU,6,7,30000,15000,0.9025320678956319,0.027048803095654488,0.0661603189249322,58.70870604100128
SPY,2021Q4,iTransformer,6,7,30000,15000,0.9153464347412356,0.025711572523104666,0.061657986847421895,68.07683233300122
SPY,2021Q4,FT-Transformer,6,7,30000,15000,0.92795208476344,0.02577296741058636,0.05688233599865238,92.64460237499952
SPY,2022Q1,MLP,6,7,30000,15000,0.8475240709917335,0.042014011868898526,0.06861828446841102,1.379009958000097
SPY,2022Q1,LSTM,6,7,30000,15000,0.8506605083029802,0.04549288651183192,0.06790887664147102,62.53612679199796
SPY,2022Q1,GRU,6,7,30000,15000,0.8479740578938268,0.04491566539329815,0.06851695652627421,58.594706790998316
SPY,2022Q1,iTransformer,6,7,30000,15000,0.8266480752324574,0.046563501281881324,0.0731650284844467,67.88821033399654
SPY,2022Q1,FT-Transformer,6,7,30000,15000,0.8349303749090873,0.04661508467962709,0.07139582139257043,92.56774249999944
SPY,2022Q2,MLP,6,7,30000,15000,0.8071228264719937,0.048269980911953426,0.07701142279054103,3.964296124999237
SPY,2022Q2,LSTM,6,7,30000,15000,0.7283009650315986,0.061415144905501685,0.09140264814849212,62.31174524999733
SPY,2022Q2,GRU,6,7,30000,15000,0.6794416859236736,0.06269716539685821,0.09928148241300319,59.03088645800017
SPY,2022Q2,iTransformer,6,7,30000,15000,0.8259202592398236,0.054396997225625354,0.0731625520577517,68.0842319580006
SPY,2022Q2,FT-Transformer,6,7,30000,15000,0.8005799347029412,0.05784418280584145,0.07830674241673807,93.36823087499943
SPY,2022Q3,MLP,7,7,30000,15000,0.854146063161337,0.03794661141808689,0.06165911399692719,2.6455284580006264
SPY,2022Q3,LSTM,7,7,30000,15000,0.8661743088141115,0.034869778362284026,0.05906197282952955,63.03067679200103
SPY,2022Q3,GRU,7,7,30000,15000,0.8677842988887308,0.03385438046429539,0.05870562527323211,59.13238545900094
SPY,2022Q3,iTransformer,7,7,30000,15000,0.8759519312834998,0.03362569730188306,0.056863450000433934,68.12814045800042
SPY,2022Q3,FT-Transformer,7,7,30000,15000,0.873808657613502,0.032989850717009224,0.05735258299651585,92.75423045799835
SPY,2022Q4,MLP,7,7,30000,15000,0.8679593159849407,0.03656633846152226,0.06173987516650057,1.8694695839985798
SPY,2022Q4,LSTM,7,7,30000,15000,0.9270643553882181,0.02666906328522078,0.04588616655124647,63.10621504200026
SPY,2022Q4,GRU,7,7,30000,15000,0.9291071838659616,0.026142434789812406,0.04523899814760834,59.52884979200098
SPY,2022Q4,iTransformer,7,7,30000,15000,0.9316255745014087,0.026452109703234035,0.044428199101139994,67.9092023330013
SPY,2022Q4,FT-Transformer,7,7,30000,15000,0.9321752003032042,0.026331493336631456,0.044249271415630856,92.58351754199975
